id,postId,createdAt,updatedAt,postImpressions,postImpressionsUnique,postImpressionsPaid,postImpressionsPaidUnique,postImpressionsFan,postImpressionsFanUnique,postImpressionsFanPaid,postImpressionsFanPaidUnique,postImpressionsOrganic,postImpressionsOrganicUnique,postImpressionsViral,postImpressionsViralUnique,postImpressionsNonviral,postImpressionsNonviralUnique,postEngagedUsers,postNegativeFeedback,postNegativeFeedbackUnique,postEngagedFan,postClicks,postClicksUnique,postLinkClicks,postOtherClicks,postPhotoView,postVideoPlay,likes,comments,shares,postNegativeFeedbackHideClicks,postNegativeFeedbackHideAllClicks,postNegativeFeedbackReportSpamClicks
7165,7339,2019-08-01 18:23:20,2019-08-14 14:06:07,596,449,0,0,529,406,0,0,596,449,0,0,596,449,23,0,0,22,22,21,18,3,1,NULL,1,NULL,NULL,NULL,NULL,NULL
7164,7338,2019-08-01 18:23:20,2019-08-14 14:06:07,303,233,0,0,267,213,0,0,303,233,0,0,303,233,5,0,0,5,7,5,1,3,3,NULL,NULL,NULL,NULL,NULL,NULL,NULL
7163,7337,2019-08-01 18:23:19,2019-08-14 14:06:06,440,347,0,0,392,309,0,0,440,347,0,0,440,347,17,0,0,17,16,15,13,1,2,NULL,2,NULL,NULL,NULL,NULL,NULL
7162,7336,2019-08-01 18:23:19,2019-08-14 14:06:06,354,269,0,0,315,243,0,0,354,269,0,0,354,269,14,0,0,12,13,11,10,2,1,NULL,3,NULL,NULL,NULL,NULL,NULL
7161,7335,2019-08-01 18:23:19,2019-08-14 14:06:05,454,353,0,0,411,317,0,0,454,353,0,0,454,353,15,0,0,13,16,14,11,3,2,NULL,NULL,NULL,NULL,NULL,NULL,NULL
7160,7334,2019-08-01 18:23:18,2019-08-14 14:06:05,377,298,0,0,333,264,0,0,377,298,0,0,377,298,14,0,0,14,12,12,11,NULL,1,NULL,3,NULL,NULL,NULL,NULL,NULL
7159,7333,2019-08-01 18:23:18,2019-08-14 14:06:04,444,348,0,0,401,312,0,0,444,348,0,0,444,348,15,0,0,13,18,13,14,4,NULL,NULL,2,NULL,NULL,NULL,NULL,NULL
7158,7332,2019-08-01 18:23:18,2019-08-14 14:06:04,504,371,0,0,458,330,0,0,504,371,0,0,504,371,16,0,0,16,11,10,8,2,1,NULL,8,NULL,NULL,NULL,NULL,NULL
7157,7331,2019-08-01 18:23:17,2019-08-14 14:06:03,388,279,0,0,348,246,0,0,388,279,0,0,388,279,7,0,0,6,9,7,5,3,1,NULL,NULL,NULL,NULL,NULL,NULL,NULL
7156,7330,2019-08-01 18:23:17,2019-08-14 14:06:03,365,284,0,0,323,251,0,0,365,284,0,0,365,284,8,0,0,8,9,8,6,2,1,NULL,NULL,NULL,NULL,NULL,NULL,NULL
7155,7329,2019-08-01 18:23:16,2019-08-14 14:06:02,1252,834,0,0,937,627,0,0,1252,834,249,143,1003,683,117,0,0,82,156,103,12,122,22,NULL,14,5,2,NULL,NULL,NULL
7154,7328,2019-08-01 18:23:16,2019-08-14 14:06:02,616,486,0,0,550,435,0,0,616,486,0,0,616,486,32,0,0,28,34,29,22,7,5,NULL,4,NULL,NULL,NULL,NULL,NULL
7153,7327,2019-08-01 18:23:15,2019-08-14 14:06:02,786,572,0,0,697,504,0,0,786,572,5,4,781,567,48,0,0,42,63,44,23,23,17,NULL,6,1,NULL,NULL,NULL,NULL
7152,7326,2019-08-01 18:23:15,2019-08-14 14:06:01,955,685,0,0,870,623,0,0,955,685,0,0,955,685,68,0,0,63,68,53,16,34,18,NULL,19,1,NULL,NULL,NULL,NULL
7151,7325,2019-08-01 18:23:14,2019-08-14 14:06:01,798,581,0,0,682,504,0,0,798,581,41,25,757,560,41,0,0,37,40,34,17,20,3,NULL,11,4,1,NULL,NULL,NULL
7150,7324,2019-08-01 18:23:14,2019-08-14 14:06:00,573,431,0,0,520,389,0,0,573,431,0,0,573,431,18,0,0,17,16,14,11,5,NULL,NULL,6,NULL,NULL,NULL,NULL,NULL
7149,7323,2019-08-01 18:23:14,2019-08-14 14:06:00,1163,831,0,0,976,700,0,0,1163,831,85,64,1078,769,101,0,0,90,91,75,46,36,9,NULL,25,4,2,NULL,NULL,NULL
7148,7322,2019-08-01 18:23:13,2019-08-14 14:05:59,662,495,0,0,591,445,0,0,662,495,1,1,661,494,37,0,0,33,33,26,20,10,3,NULL,11,2,NULL,NULL,NULL,NULL
7147,7321,2019-08-01 18:23:13,2019-08-14 14:05:59,594,451,0,0,522,395,0,0,594,451,14,13,580,438,24,0,0,20,22,18,7,13,2,NULL,10,2,NULL,NULL,NULL,NULL
7146,7320,2019-08-01 18:23:12,2019-08-14 14:05:58,368,277,0,0,313,236,0,0,368,277,6,6,362,270,11,1,1,8,11,9,3,7,1,NULL,4,NULL,1,1,NULL,NULL
7145,7319,2019-08-01 18:23:12,2019-08-14 14:05:58,1012,733,0,0,742,553,0,0,1012,733,201,141,811,611,88,1,1,56,108,72,NULL,78,NULL,30,12,NULL,3,1,NULL,NULL
7144,7318,2019-08-01 18:23:12,2019-08-14 14:05:57,628,456,0,0,553,406,0,0,628,456,0,0,628,456,37,0,0,31,41,32,22,16,3,NULL,9,2,NULL,NULL,NULL,NULL
7143,7317,2019-08-01 18:23:11,2019-08-14 14:05:57,416,312,0,0,373,277,0,0,416,312,0,0,416,312,11,0,0,9,10,8,4,6,NULL,NULL,3,NULL,NULL,NULL,NULL,NULL
7142,7316,2019-08-01 18:23:11,2019-08-14 14:05:56,398,317,0,0,352,281,0,0,398,317,0,0,398,317,17,0,0,14,9,9,5,4,NULL,NULL,8,NULL,NULL,NULL,NULL,NULL
7141,7315,2019-08-01 18:23:10,2019-08-14 14:05:55,1032,744,0,0,886,645,0,0,1032,744,56,30,976,711,109,0,0,97,129,101,55,69,5,NULL,8,6,2,NULL,NULL,NULL
7140,7314,2019-08-01 18:23:10,2019-08-14 14:05:55,535,412,0,0,476,365,0,0,535,412,0,0,535,412,27,0,0,24,30,26,22,6,2,NULL,1,NULL,NULL,NULL,NULL,NULL
7139,7313,2019-08-01 18:23:09,2019-08-14 14:05:54,472,362,0,0,417,319,0,0,472,362,0,0,472,362,21,0,0,17,17,17,15,2,NULL,NULL,3,NULL,NULL,NULL,NULL,NULL
7138,7312,2019-08-01 18:23:09,2019-08-14 14:05:54,632,492,0,0,568,443,0,0,632,492,8,6,624,488,39,0,0,33,46,32,NULL,28,NULL,17,13,NULL,1,NULL,NULL,NULL
7137,7311,2019-08-01 18:23:09,2019-08-14 14:05:53,325,242,0,0,291,215,0,0,325,242,0,0,325,242,6,0,0,5,3,3,2,1,NULL,NULL,4,NULL,NULL,NULL,NULL,NULL
7136,7310,2019-08-01 18:23:08,2019-08-14 14:05:53,430,328,0,0,382,290,0,0,429,328,0,0,429,328,16,1,1,16,16,15,14,1,1,NULL,1,NULL,NULL,NULL,1,NULL
7135,7309,2019-08-01 18:23:08,2019-08-14 14:05:52,402,306,0,0,362,275,0,0,402,306,0,0,402,306,16,0,0,15,20,16,11,6,3,NULL,NULL,NULL,NULL,NULL,NULL,NULL
7134,7308,2019-08-01 18:23:07,2019-08-14 14:05:52,531,395,0,0,481,352,0,0,531,395,5,3,526,393,27,0,0,25,30,22,6,18,6,NULL,11,1,NULL,NULL,NULL,NULL
7133,7307,2019-08-01 18:23:07,2019-08-14 14:05:52,442,341,0,0,390,301,0,0,442,341,0,0,442,341,24,0,0,21,27,19,13,10,4,NULL,8,NULL,NULL,NULL,NULL,NULL
7132,7306,2019-08-01 18:23:06,2019-08-14 14:05:51,525,391,0,0,466,347,0,0,525,391,0,0,525,391,30,0,0,26,32,30,26,4,2,NULL,NULL,NULL,NULL,NULL,NULL,NULL
7131,7305,2019-08-01 18:23:06,2019-08-14 14:05:51,805,609,0,0,702,525,0,0,805,609,38,31,767,577,43,0,0,39,38,29,7,27,4,NULL,9,2,2,NULL,NULL,NULL
7130,7304,2019-08-01 18:23:06,2019-08-14 14:05:50,478,361,0,0,423,326,0,0,478,361,0,0,478,361,32,0,0,31,42,30,NULL,28,NULL,13,2,NULL,NULL,NULL,NULL,NULL
7129,7303,2019-08-01 18:23:05,2019-08-14 14:05:50,439,338,0,0,385,299,0,0,439,338,0,0,439,338,17,0,0,15,11,11,9,1,1,NULL,7,NULL,NULL,NULL,NULL,NULL
7128,7302,2019-08-01 18:23:05,2019-08-14 14:05:49,658,494,0,0,594,445,0,0,658,494,0,0,658,494,40,0,0,38,34,31,26,5,3,NULL,10,NULL,1,NULL,NULL,NULL
7127,7301,2019-08-01 18:23:05,2019-08-14 14:05:49,553,415,0,0,493,373,0,0,553,415,0,0,553,415,33,0,0,31,38,33,31,6,1,NULL,NULL,NULL,NULL,NULL,NULL,NULL
7126,7300,2019-08-01 18:23:04,2019-08-14 14:05:48,718,525,0,0,649,474,0,0,718,525,0,0,718,525,52,0,0,51,60,49,46,8,6,NULL,4,NULL,NULL,NULL,NULL,NULL
7125,7299,2019-08-01 18:23:04,2019-08-14 14:05:47,585,446,0,0,518,397,0,0,585,446,0,0,585,446,39,0,0,35,40,35,33,2,5,NULL,4,NULL,NULL,NULL,NULL,NULL
7124,7298,2019-08-01 18:23:03,2019-08-14 14:05:47,500,380,0,0,431,329,0,0,500,380,8,7,492,372,24,0,0,23,22,19,18,1,3,NULL,7,NULL,1,NULL,NULL,NULL
7123,7297,2019-08-01 18:23:03,2019-08-14 14:05:47,737,544,0,0,574,418,0,0,737,544,101,84,636,461,31,1,1,22,19,17,8,10,1,NULL,11,NULL,2,1,NULL,NULL
7122,7296,2019-08-01 18:23:02,2019-08-14 14:05:46,371,283,0,0,324,252,0,0,371,283,0,0,371,283,9,0,0,8,9,9,8,NULL,1,NULL,NULL,NULL,NULL,NULL,NULL,NULL
7121,7295,2019-08-01 18:23:02,2019-08-14 14:05:46,889,627,0,0,802,559,0,0,889,627,4,2,885,624,73,2,2,66,83,68,54,17,12,NULL,10,1,NULL,1,1,NULL
7120,7294,2019-08-01 18:23:02,2019-08-14 14:05:45,505,366,0,0,445,324,0,0,505,366,0,0,505,366,18,0,0,18,18,18,13,3,2,NULL,2,NULL,NULL,NULL,NULL,NULL
7119,7293,2019-08-01 18:23:01,2019-08-14 14:05:45,269,209,0,0,234,183,0,0,269,209,0,0,269,209,4,0,0,3,7,4,2,2,3,NULL,NULL,NULL,NULL,NULL,NULL,NULL
7118,7292,2019-08-01 18:23:01,2019-08-14 14:05:44,477,369,0,0,427,329,0,0,477,369,0,0,477,369,19,0,0,17,14,14,12,NULL,2,NULL,6,NULL,NULL,NULL,NULL,NULL
7117,7291,2019-08-01 18:23:00,2019-08-14 14:05:44,321,242,0,0,284,214,0,0,321,242,0,0,321,242,6,0,0,4,6,6,3,2,1,NULL,1,NULL,NULL,NULL,NULL,NULL
7116,7290,2019-08-01 18:23:00,2019-08-14 14:05:43,350,269,0,0,312,238,0,0,350,269,0,0,350,269,5,0,0,5,5,5,1,1,3,NULL,NULL,NULL,NULL,NULL,NULL,NULL
7115,7289,2019-08-01 18:23:00,2019-08-14 14:05:43,390,303,0,0,345,267,0,0,390,303,1,1,389,302,12,0,0,10,13,11,4,5,4,NULL,4,1,NULL,NULL,NULL,NULL
7114,7288,2019-08-01 18:22:59,2019-08-14 14:05:42,318,251,0,0,278,219,0,0,318,251,0,0,318,251,2,0,0,2,2,2,NULL,2,NULL,NULL,1,NULL,NULL,NULL,NULL,NULL
7113,7287,2019-08-01 18:22:59,2019-08-14 14:05:42,694,527,0,0,621,469,0,0,694,527,0,0,694,527,47,0,0,40,53,44,40,7,6,NULL,6,NULL,NULL,NULL,NULL,NULL
7112,7286,2019-08-01 18:22:58,2019-08-14 14:05:41,489,371,0,0,435,330,0,0,489,371,0,0,489,371,17,0,0,17,20,16,15,4,1,NULL,1,NULL,NULL,NULL,NULL,NULL
7111,7285,2019-08-01 18:22:58,2019-08-14 14:05:41,692,537,0,0,621,478,0,0,692,537,0,0,692,537,46,1,1,42,46,35,32,11,3,NULL,11,NULL,NULL,1,NULL,NULL
7110,7284,2019-08-01 18:22:58,2019-08-14 14:05:40,576,438,0,0,510,385,0,0,576,438,0,0,576,438,28,0,0,25,30,24,23,2,5,NULL,5,NULL,NULL,NULL,NULL,NULL
7109,7283,2019-08-01 18:22:57,2019-08-14 14:05:40,343,261,0,0,306,229,0,0,343,261,0,0,343,261,7,0,0,5,7,6,4,2,1,NULL,1,NULL,NULL,NULL,NULL,NULL
7108,7282,2019-08-01 18:22:57,2019-08-14 14:05:39,714,539,0,0,645,483,0,0,714,539,3,3,711,535,46,0,0,44,42,33,23,9,10,NULL,14,NULL,1,NULL,NULL,NULL
7107,7281,2019-08-01 18:22:56,2019-08-14 14:05:39,535,407,0,0,483,366,0,0,535,407,4,3,531,403,28,0,0,24,23,16,2,16,5,NULL,14,NULL,1,NULL,NULL,NULL
7106,7280,2019-08-01 18:22:56,2019-08-14 14:05:38,365,281,0,0,325,250,0,0,365,281,0,0,365,281,9,0,0,9,9,7,3,5,1,NULL,4,1,NULL,NULL,NULL,NULL
7105,7279,2019-08-01 18:22:56,2019-08-14 14:05:38,371,285,0,0,319,245,0,0,371,285,0,0,371,285,14,0,0,11,21,13,13,6,2,NULL,1,NULL,NULL,NULL,NULL,NULL
7104,7278,2019-08-01 18:22:55,2019-08-14 14:05:38,530,417,0,0,475,371,0,0,530,417,0,0,530,417,36,0,0,32,43,34,31,11,1,NULL,5,NULL,NULL,NULL,NULL,NULL
7103,7277,2019-08-01 18:22:55,2019-08-14 14:05:37,532,390,0,0,474,350,0,0,532,390,2,1,530,389,21,0,0,19,22,17,12,8,2,NULL,7,2,NULL,NULL,NULL,NULL
7102,7276,2019-08-01 18:22:54,2019-08-14 14:05:37,298,237,0,0,265,208,0,0,298,237,0,0,298,237,4,0,0,4,4,4,2,2,NULL,NULL,1,NULL,NULL,NULL,NULL,NULL
7101,7275,2019-08-01 18:22:54,2019-08-14 14:05:36,393,298,0,0,342,258,0,0,393,298,0,0,393,298,15,0,0,14,17,15,13,3,1,NULL,NULL,NULL,NULL,NULL,NULL,NULL
7100,7274,2019-08-01 18:22:53,2019-08-14 14:05:36,259,197,0,0,222,170,0,0,259,197,0,0,259,197,5,0,0,4,8,5,4,3,1,NULL,NULL,NULL,NULL,NULL,NULL,NULL
7099,7273,2019-08-01 18:22:53,2019-08-14 14:05:35,341,251,0,0,296,219,0,0,341,251,0,0,341,251,9,0,0,7,5,4,3,2,NULL,NULL,5,NULL,NULL,NULL,NULL,NULL
7098,7272,2019-08-01 18:22:52,2019-08-14 14:05:35,323,241,0,0,282,212,0,0,323,241,0,0,323,241,7,0,0,6,7,6,4,3,NULL,NULL,2,NULL,NULL,NULL,NULL,NULL
7097,7271,2019-08-01 18:22:52,2019-08-14 14:05:34,334,255,0,0,293,224,0,0,334,255,0,0,334,255,8,0,0,8,8,7,7,1,NULL,NULL,1,NULL,NULL,NULL,NULL,NULL
7096,7270,2019-08-01 18:22:52,2019-08-14 14:05:34,536,411,0,0,463,359,0,0,536,411,15,5,521,406,33,0,0,31,34,31,19,14,1,NULL,2,2,1,NULL,NULL,NULL
7095,7269,2019-08-01 18:22:51,2019-08-14 14:05:33,458,347,0,0,406,302,0,0,458,347,0,0,458,347,25,0,0,23,30,24,22,5,3,NULL,4,NULL,NULL,NULL,NULL,NULL
7094,7268,2019-08-01 18:22:51,2019-08-14 14:05:33,309,245,0,0,261,210,0,0,309,245,0,0,309,245,8,0,0,7,7,7,5,2,NULL,NULL,2,NULL,NULL,NULL,NULL,NULL
7093,7267,2019-08-01 18:22:51,2019-08-14 14:05:32,889,632,0,0,611,444,0,0,889,632,216,134,673,495,77,0,0,51,87,72,58,27,2,NULL,7,NULL,NULL,NULL,NULL,NULL
7092,7266,2019-08-01 18:22:50,2019-08-14 14:05:32,308,237,0,0,269,212,0,0,308,237,0,0,308,237,5,0,0,5,5,4,1,2,2,NULL,2,NULL,NULL,NULL,NULL,NULL
7091,7265,2019-08-01 18:22:50,2019-08-14 14:05:31,292,218,0,0,250,186,0,0,292,218,0,0,292,218,6,0,0,6,5,5,5,NULL,NULL,NULL,2,NULL,NULL,NULL,NULL,NULL
7090,7264,2019-08-01 18:22:49,2019-08-14 14:05:31,380,296,0,0,331,258,0,0,380,296,0,0,380,296,7,0,0,6,8,7,6,2,NULL,NULL,1,1,NULL,NULL,NULL,NULL
7089,7263,2019-08-01 18:22:49,2019-08-14 14:05:30,557,415,0,0,482,363,0,0,557,415,4,4,553,411,41,0,0,37,45,40,38,4,3,NULL,3,NULL,1,NULL,NULL,NULL
7088,7262,2019-08-01 18:22:49,2019-08-14 14:05:30,493,373,0,0,436,331,0,0,493,373,0,0,493,373,26,0,0,26,26,21,16,8,2,NULL,7,NULL,NULL,NULL,NULL,NULL
7087,7261,2019-08-01 18:22:48,2019-08-14 14:05:29,508,411,0,0,444,365,0,0,508,411,0,0,508,411,36,0,0,32,37,34,31,5,1,NULL,4,NULL,NULL,NULL,NULL,NULL
7086,7260,2019-08-01 18:22:48,2019-08-14 14:05:29,636,494,0,0,570,444,0,0,636,494,0,0,636,494,52,0,0,46,63,50,46,12,5,NULL,3,NULL,NULL,NULL,NULL,NULL
7085,7259,2019-08-01 18:22:47,2019-08-14 14:05:28,896,662,0,0,803,593,0,0,896,662,14,14,882,649,71,0,0,64,71,61,42,24,5,NULL,5,5,NULL,NULL,NULL,NULL
7084,7258,2019-08-01 18:22:47,2019-08-14 14:05:28,814,601,0,0,551,414,0,0,814,601,206,141,608,459,36,0,0,26,31,26,12,19,NULL,NULL,6,4,1,NULL,NULL,NULL
7083,7257,2019-08-01 18:22:46,2019-08-14 14:05:27,533,418,0,0,461,367,0,0,533,418,0,0,533,418,42,0,0,39,47,42,40,4,3,NULL,2,NULL,NULL,NULL,NULL,NULL
7082,7256,2019-08-01 18:22:46,2019-08-14 14:05:27,352,271,0,0,304,237,0,0,352,271,0,0,352,271,14,0,0,11,14,14,14,NULL,NULL,NULL,NULL,NULL,NULL,NULL,NULL,NULL
7081,7255,2019-08-01 18:22:46,2019-08-14 14:05:26,377,291,0,0,328,253,0,0,377,291,0,0,377,291,12,0,0,9,12,11,10,1,1,NULL,2,NULL,NULL,NULL,NULL,NULL
7080,7254,2019-08-01 18:22:45,2019-08-14 14:05:26,503,366,0,0,421,315,0,0,503,366,17,8,486,357,21,0,0,17,22,18,10,9,3,NULL,3,1,1,NULL,NULL,NULL
7079,7253,2019-08-01 18:22:45,2019-08-14 14:05:25,408,326,0,0,337,269,0,0,408,326,29,19,379,307,14,0,0,13,11,11,9,2,NULL,NULL,6,NULL,1,NULL,NULL,NULL
7078,7252,2019-08-01 18:22:45,2019-08-14 14:05:25,720,530,0,0,631,464,0,0,720,530,10,8,710,521,83,0,0,75,95,82,68,22,5,NULL,3,1,NULL,NULL,NULL,NULL
7077,7251,2019-08-01 18:22:44,2019-08-14 14:05:24,692,478,0,0,396,298,0,0,692,478,233,145,459,335,29,0,0,18,19,18,15,2,2,NULL,7,NULL,3,NULL,NULL,NULL
7076,7250,2019-08-01 18:22:44,2019-08-14 14:05:24,891,643,0,0,634,470,0,0,891,643,178,113,713,530,119,0,0,95,149,119,115,27,7,NULL,NULL,NULL,NULL,NULL,NULL,NULL
7075,7249,2019-08-01 18:22:43,2019-08-14 14:05:23,554,423,0,0,479,367,0,0,554,423,8,7,546,415,24,0,0,22,26,21,15,9,2,NULL,6,1,NULL,NULL,NULL,NULL
7074,7248,2019-08-01 18:22:43,2019-08-14 14:05:23,535,392,0,0,474,348,0,0,535,392,0,0,535,392,22,1,1,22,21,18,15,5,1,NULL,4,NULL,NULL,1,NULL,NULL
7073,7247,2019-08-01 18:22:43,2019-08-14 14:05:22,421,327,0,0,363,283,0,0,421,327,0,0,421,327,16,0,0,14,19,16,14,3,2,NULL,1,NULL,NULL,NULL,NULL,NULL
7072,7246,2019-08-01 18:22:42,2019-08-14 14:05:22,461,350,0,0,409,303,0,0,461,350,0,0,461,350,22,0,0,21,24,22,21,3,NULL,NULL,NULL,NULL,NULL,NULL,NULL,NULL
7071,7245,2019-08-01 18:22:42,2019-08-14 14:05:21,557,408,0,0,486,355,0,0,557,408,0,0,557,408,28,0,0,26,38,28,27,7,4,NULL,2,NULL,NULL,NULL,NULL,NULL
7070,7244,2019-08-01 18:22:41,2019-08-14 14:05:21,534,413,0,0,465,357,0,0,534,413,12,8,522,403,24,0,0,23,24,19,14,6,4,NULL,7,2,NULL,NULL,NULL,NULL
7069,7243,2019-08-01 18:22:41,2019-08-14 14:05:21,711,509,0,0,459,354,0,0,711,509,185,103,526,404,26,0,0,18,24,19,17,7,NULL,NULL,3,NULL,NULL,NULL,NULL,NULL
7068,7242,2019-08-01 18:22:41,2019-08-14 14:05:20,366,285,0,0,320,250,0,0,366,285,0,0,366,285,11,0,0,9,8,7,6,NULL,2,NULL,4,NULL,NULL,NULL,NULL,NULL
7067,7241,2019-08-01 18:22:40,2019-08-14 14:05:20,666,512,0,0,587,457,0,0,666,512,0,0,666,512,46,0,0,40,41,38,35,3,3,NULL,5,NULL,NULL,NULL,NULL,NULL
7066,7240,2019-08-01 18:22:40,2019-08-14 14:05:19,568,440,0,0,504,390,0,0,568,440,0,0,568,440,52,0,0,49,50,47,43,5,2,NULL,7,NULL,NULL,NULL,NULL,NULL
7065,7239,2019-08-01 18:22:39,2019-08-14 14:05:19,919,696,0,0,724,559,0,0,919,696,100,73,819,625,76,0,0,64,70,60,48,16,6,NULL,25,NULL,1,NULL,NULL,NULL
7064,7238,2019-08-01 18:22:39,2019-08-14 14:05:18,462,366,0,0,405,322,0,0,462,366,0,0,462,366,25,0,0,21,25,20,18,5,2,NULL,3,NULL,NULL,NULL,NULL,NULL
7063,7237,2019-08-01 18:22:38,2019-08-14 14:05:18,558,439,0,0,474,373,0,0,558,439,19,14,539,424,26,0,0,22,18,15,10,5,3,NULL,12,NULL,1,NULL,NULL,NULL
7062,7236,2019-08-01 18:22:38,2019-08-14 14:05:17,871,662,0,0,778,588,0,0,871,662,6,6,865,654,71,0,0,66,67,55,34,25,8,NULL,25,4,NULL,NULL,NULL,NULL
7061,7235,2019-08-01 18:22:37,2019-08-14 14:05:17,373,294,0,0,328,258,0,0,373,294,0,0,373,294,10,0,0,9,10,9,7,3,NULL,NULL,2,NULL,NULL,NULL,NULL,NULL
7060,7234,2019-08-01 18:22:37,2019-08-14 14:05:16,361,286,0,0,308,248,0,0,361,286,0,0,361,286,9,0,0,9,10,7,7,3,NULL,NULL,3,NULL,NULL,NULL,NULL,NULL
7059,7233,2019-08-01 18:22:36,2019-08-14 14:05:16,583,448,0,0,444,341,0,0,583,448,79,60,504,386,31,0,0,29,36,28,25,8,3,NULL,4,NULL,1,NULL,NULL,NULL
7058,7232,2019-08-01 18:22:36,2019-08-14 14:05:15,749,567,0,0,682,506,0,0,749,567,14,13,735,555,64,0,0,62,81,61,NULL,39,42,NULL,5,4,NULL,NULL,NULL,NULL
7057,7231,2019-08-01 18:22:36,2019-08-14 14:05:15,749,567,0,0,682,506,0,0,749,567,14,13,735,555,64,0,0,62,81,61,NULL,39,42,NULL,5,4,NULL,NULL,NULL,NULL
7056,7230,2019-08-01 18:22:35,2019-08-14 14:05:14,261,201,0,0,234,180,0,0,261,201,0,0,261,201,4,0,0,4,3,3,NULL,2,1,NULL,1,NULL,NULL,NULL,NULL,NULL
7055,7229,2019-08-01 18:22:35,2019-08-14 14:05:14,706,517,0,0,601,445,0,0,706,517,29,21,677,497,46,0,0,41,37,28,NULL,28,NULL,8,15,NULL,3,NULL,NULL,NULL
7054,7228,2019-08-01 18:22:34,2019-08-14 14:05:13,436,352,0,0,384,314,0,0,436,352,1,1,435,350,21,0,0,18,21,16,13,6,2,NULL,5,1,NULL,NULL,NULL,NULL
7053,7227,2019-08-01 18:22:34,2019-08-14 14:05:13,462,348,0,0,415,312,0,0,462,348,0,0,462,348,20,0,0,20,22,19,16,3,3,NULL,2,NULL,NULL,NULL,NULL,NULL
7052,7226,2019-08-01 18:22:34,2019-08-14 14:05:12,956,700,0,0,693,525,0,0,956,700,196,135,760,572,60,0,0,36,64,51,10,40,14,NULL,9,2,2,NULL,NULL,NULL
7051,7225,2019-08-01 18:22:33,2019-08-14 14:05:12,466,349,0,0,411,307,0,0,466,349,2,2,464,347,20,0,0,18,17,14,NULL,11,6,NULL,10,1,NULL,NULL,NULL,NULL
7050,7224,2019-08-01 18:22:33,2019-08-14 14:05:11,406,299,0,0,350,258,0,0,406,299,4,3,402,296,13,0,0,11,9,8,NULL,7,2,NULL,6,1,NULL,NULL,NULL,NULL
7049,7223,2019-08-01 18:22:33,2019-08-14 14:05:11,824,604,0,0,561,415,0,0,824,604,194,140,630,465,72,0,0,31,85,67,NULL,77,NULL,7,9,NULL,2,NULL,NULL,NULL
7048,7222,2019-08-01 18:22:32,2019-08-14 14:05:11,994,737,0,0,852,653,0,0,994,737,39,22,955,717,94,0,0,82,108,81,26,67,15,NULL,13,2,1,NULL,NULL,NULL
7047,7221,2019-08-01 18:22:32,2019-08-14 14:05:10,506,368,0,0,395,298,0,0,506,368,41,27,465,341,18,0,0,12,12,9,NULL,7,5,NULL,7,NULL,1,NULL,NULL,NULL
7046,7220,2019-08-01 18:22:21,2019-08-14 14:07:42,526,384,0,0,475,349,0,0,526,384,0,0,526,384,13,0,0,13,12,11,11,NULL,1,NULL,2,NULL,NULL,NULL,NULL,NULL
7045,7219,2019-08-01 18:22:21,2019-08-14 14:07:42,569,425,0,0,509,381,0,0,569,425,9,5,560,420,27,0,0,23,27,20,8,12,7,NULL,9,1,NULL,NULL,NULL,NULL
7044,7218,2019-08-01 18:22:20,2019-08-14 14:07:41,771,563,0,0,697,513,0,0,771,563,6,6,765,556,38,0,0,36,39,31,16,16,7,NULL,8,2,NULL,NULL,NULL,NULL
7043,7217,2019-08-01 18:22:20,2019-08-14 14:07:41,512,375,0,0,458,340,0,0,512,375,0,0,512,375,17,0,0,17,21,17,17,2,2,NULL,NULL,NULL,NULL,NULL,NULL,NULL
7042,7216,2019-08-01 18:22:20,2019-08-14 14:07:40,626,464,0,0,558,420,0,0,626,464,0,0,626,464,17,0,0,15,14,13,NULL,11,NULL,3,6,NULL,NULL,NULL,NULL,NULL
7041,7215,2019-08-01 18:22:19,2019-08-14 14:07:40,318,258,0,0,279,227,0,0,318,258,0,0,318,258,3,0,0,3,1,1,1,NULL,NULL,NULL,2,NULL,NULL,NULL,NULL,NULL
7040,7214,2019-08-01 18:22:19,2019-08-14 14:07:39,1243,866,0,0,1065,750,0,0,1243,866,99,68,1144,804,129,0,0,112,161,120,70,75,16,NULL,8,7,3,NULL,NULL,NULL
7039,7213,2019-08-01 18:22:18,2019-08-14 14:07:39,315,246,0,0,275,217,0,0,315,246,0,0,315,246,8,0,0,6,8,8,7,NULL,1,NULL,NULL,NULL,NULL,NULL,NULL,NULL
7038,7212,2019-08-01 18:22:18,2019-08-14 14:07:38,434,349,0,0,384,312,0,0,434,349,0,0,434,349,11,0,0,10,12,11,10,1,1,NULL,NULL,NULL,NULL,NULL,NULL,NULL
7037,7211,2019-08-01 18:22:18,2019-08-14 14:07:38,342,252,0,0,299,222,0,0,342,252,0,0,342,252,11,0,0,8,13,10,8,3,2,NULL,1,NULL,NULL,NULL,NULL,NULL
7036,7210,2019-08-01 18:22:17,2019-08-14 14:07:37,300,219,0,0,261,192,0,0,300,219,0,0,300,219,5,0,0,5,6,5,4,1,1,NULL,NULL,NULL,NULL,NULL,NULL,NULL
7035,7209,2019-08-01 18:22:17,2019-08-14 14:07:37,1030,743,0,0,910,667,0,0,1030,743,37,25,993,717,81,0,0,74,81,71,45,29,7,NULL,7,5,1,NULL,NULL,NULL
7034,7208,2019-08-01 18:22:16,2019-08-14 14:07:36,364,272,0,0,321,242,0,0,364,272,0,0,364,272,5,0,0,5,5,4,1,3,1,NULL,NULL,NULL,NULL,NULL,NULL,NULL
7033,7207,2019-08-01 18:22:16,2019-08-14 14:07:36,545,418,0,0,461,368,0,0,545,418,15,8,530,412,27,0,0,20,37,22,NULL,20,NULL,16,7,NULL,3,NULL,NULL,NULL
7032,7206,2019-08-01 18:22:15,2019-08-14 14:07:35,843,634,0,0,604,457,0,0,843,634,196,146,647,494,36,0,0,27,36,31,19,13,4,NULL,5,2,3,NULL,NULL,NULL
7031,7205,2019-08-01 18:22:15,2019-08-14 14:07:35,621,468,0,0,554,417,0,0,621,468,3,3,618,464,33,0,0,31,33,29,27,2,4,NULL,2,NULL,1,NULL,NULL,NULL
7030,7204,2019-08-01 18:22:15,2019-08-14 14:07:34,783,588,0,0,698,522,0,0,783,588,12,10,771,579,62,0,0,54,69,60,46,20,3,NULL,3,1,NULL,NULL,NULL,NULL
7029,7203,2019-08-01 18:22:14,2019-08-14 14:07:34,408,319,0,0,366,285,0,0,408,319,0,0,408,319,18,0,0,18,15,15,12,1,2,NULL,5,NULL,NULL,NULL,NULL,NULL
7028,7202,2019-08-01 18:22:14,2019-08-14 14:07:33,335,263,0,0,301,233,0,0,335,263,0,0,335,263,7,0,0,6,7,6,4,2,1,NULL,1,NULL,NULL,NULL,NULL,NULL
7027,7201,2019-08-01 18:22:13,2019-08-14 14:07:33,630,483,0,0,562,436,0,0,630,483,0,0,630,483,30,0,0,30,27,25,23,2,2,NULL,5,NULL,NULL,NULL,NULL,NULL
7026,7200,2019-08-01 18:22:13,2019-08-14 14:07:33,462,356,0,0,418,317,0,0,462,356,2,2,460,354,13,0,0,12,10,7,5,3,2,NULL,4,NULL,1,NULL,NULL,NULL
7025,7199,2019-08-01 18:22:13,2019-08-14 14:07:32,236,179,0,0,203,156,0,0,236,179,0,0,236,179,3,0,0,2,1,1,NULL,1,NULL,NULL,2,NULL,NULL,NULL,NULL,NULL
7024,7198,2019-08-01 18:22:12,2019-08-14 14:07:32,351,268,0,0,307,234,0,0,351,268,0,0,351,268,10,0,0,9,9,9,8,NULL,1,NULL,1,NULL,NULL,NULL,NULL,NULL
7023,7197,2019-08-01 18:22:12,2019-08-14 14:07:31,541,401,0,0,482,361,0,0,541,401,0,0,541,401,24,0,0,22,27,23,21,4,2,NULL,3,NULL,NULL,NULL,NULL,NULL
7022,7196,2019-08-01 18:22:11,2019-08-14 14:07:31,674,515,0,0,602,460,0,0,674,515,0,0,674,515,52,0,0,50,56,49,43,7,6,NULL,6,NULL,NULL,NULL,NULL,NULL
7021,7195,2019-08-01 18:22:11,2019-08-14 14:07:30,901,654,0,0,827,599,0,0,901,654,1,1,900,653,81,0,0,74,82,71,52,27,3,NULL,11,1,NULL,NULL,NULL,NULL
7020,7194,2019-08-01 18:22:11,2019-08-14 14:07:30,587,450,0,0,524,401,0,0,587,450,10,8,577,440,41,0,0,36,55,38,26,24,5,NULL,5,2,1,NULL,NULL,NULL
7019,7193,2019-08-01 18:22:10,2019-08-14 14:07:29,516,398,0,0,459,350,0,0,516,398,10,7,506,390,28,0,0,21,28,26,20,5,3,NULL,4,NULL,1,NULL,NULL,NULL
7018,7192,2019-08-01 18:22:10,2019-08-14 14:07:29,1025,772,0,0,833,619,0,0,1025,772,110,90,915,678,84,0,0,63,107,72,NULL,81,NULL,24,18,6,2,NULL,NULL,NULL
7017,7191,2019-08-01 18:22:09,2019-08-14 14:07:28,402,309,0,0,353,272,0,0,402,309,2,2,400,307,21,0,0,19,20,16,11,6,3,NULL,7,NULL,1,NULL,NULL,NULL
7016,7190,2019-08-01 18:22:09,2019-08-14 14:07:27,297,229,0,0,262,204,0,0,297,229,4,4,293,225,4,0,0,3,2,2,NULL,2,NULL,NULL,NULL,1,NULL,NULL,NULL,NULL
7015,7189,2019-08-01 18:22:09,2019-08-14 14:07:27,513,395,0,0,446,349,0,0,513,395,17,12,496,385,23,0,0,19,20,19,15,4,1,NULL,3,1,2,NULL,NULL,NULL
7014,7188,2019-08-01 18:22:08,2019-08-14 14:07:26,495,386,0,0,450,349,0,0,495,386,0,0,495,386,24,0,0,24,24,22,14,9,1,NULL,4,1,NULL,NULL,NULL,NULL
7013,7187,2019-08-01 18:22:08,2019-08-14 14:07:26,496,403,0,0,413,335,0,0,496,403,43,31,453,371,28,0,0,19,30,27,21,9,NULL,NULL,1,NULL,1,NULL,NULL,NULL
7012,7186,2019-08-01 18:22:07,2019-08-14 14:07:25,639,486,0,0,574,436,0,0,639,486,0,0,639,486,39,0,0,36,42,38,37,3,2,NULL,2,NULL,NULL,NULL,NULL,NULL
7011,7185,2019-08-01 18:22:07,2019-08-14 14:07:25,151,126,0,0,131,108,0,0,151,126,0,0,151,126,1,0,0,1,0,0,NULL,NULL,NULL,NULL,1,NULL,NULL,NULL,NULL,NULL
7010,7184,2019-08-01 18:22:06,2019-08-14 14:07:24,458,350,0,0,409,312,0,0,458,350,1,1,457,349,16,0,0,16,14,11,10,4,NULL,NULL,4,NULL,1,NULL,NULL,NULL
7009,7183,2019-08-01 18:22:06,2019-08-14 14:07:24,571,439,0,0,519,397,0,0,571,439,0,0,571,439,28,0,0,27,23,21,19,2,2,NULL,5,NULL,NULL,NULL,NULL,NULL
7008,7182,2019-08-01 18:22:06,2019-08-14 14:07:23,551,439,0,0,497,391,0,0,551,439,0,0,551,439,33,0,0,30,45,33,30,8,7,NULL,2,NULL,NULL,NULL,NULL,NULL
7007,7181,2019-08-01 18:22:05,2019-08-14 14:07:23,338,258,0,0,301,233,0,0,338,258,0,0,338,258,7,0,0,7,6,5,5,NULL,1,NULL,2,NULL,NULL,NULL,NULL,NULL
7006,7180,2019-08-01 18:22:05,2019-08-14 14:07:22,597,466,0,0,525,413,0,0,597,466,11,9,586,459,16,0,0,13,18,15,NULL,14,NULL,3,2,NULL,1,NULL,NULL,NULL
7005,7179,2019-08-01 18:22:04,2019-08-14 14:07:22,404,315,0,0,356,280,0,0,404,315,2,2,402,313,13,0,0,11,9,9,7,NULL,2,NULL,6,NULL,1,NULL,NULL,NULL
7004,7178,2019-08-01 18:22:04,2019-08-14 14:07:22,326,268,0,0,294,239,0,0,326,268,0,0,326,268,9,0,0,8,10,7,5,4,1,NULL,2,NULL,NULL,NULL,NULL,NULL
7003,7177,2019-08-01 18:22:04,2019-08-14 14:07:21,420,329,0,0,370,291,0,0,420,329,7,4,413,326,17,0,0,15,11,11,7,2,2,NULL,6,1,NULL,NULL,NULL,NULL
7002,7176,2019-08-01 18:22:03,2019-08-14 14:07:21,658,494,0,0,593,445,0,0,658,494,1,1,657,493,40,0,0,37,47,39,31,12,4,NULL,2,1,NULL,NULL,NULL,NULL
7001,7175,2019-08-01 18:22:03,2019-08-14 14:07:20,403,323,0,0,359,293,0,0,403,323,0,0,403,323,17,0,0,17,19,16,15,1,3,NULL,1,NULL,NULL,NULL,NULL,NULL
7000,7174,2019-08-01 18:22:02,2019-08-14 14:07:20,429,335,0,0,384,301,0,0,429,335,0,0,429,335,17,0,0,17,13,12,9,2,2,NULL,6,NULL,NULL,NULL,NULL,NULL
6999,7173,2019-08-01 18:22:02,2019-08-14 14:07:19,508,378,0,0,443,335,0,0,508,378,0,0,508,378,21,0,0,19,20,18,16,2,2,NULL,4,NULL,NULL,NULL,NULL,NULL
6998,7172,2019-08-01 18:22:02,2019-08-14 14:07:19,966,714,0,0,874,646,0,0,966,714,3,2,963,713,93,0,0,85,101,90,83,14,4,NULL,5,1,NULL,NULL,NULL,NULL
6997,7171,2019-08-01 18:22:01,2019-08-14 14:07:18,800,580,0,0,719,517,0,0,800,580,0,0,800,580,66,0,0,59,68,64,62,6,NULL,NULL,2,NULL,NULL,NULL,NULL,NULL
6996,7170,2019-08-01 18:22:01,2019-08-14 14:07:18,422,315,0,0,375,279,0,0,422,315,0,0,422,315,9,0,0,9,11,8,6,3,2,NULL,1,NULL,NULL,NULL,NULL,NULL
6995,7169,2019-08-01 18:22:00,2019-08-14 14:07:17,358,280,0,0,316,251,0,0,358,280,0,0,358,280,8,0,0,8,7,7,5,2,NULL,NULL,1,NULL,NULL,NULL,NULL,NULL
6994,7168,2019-08-01 18:22:00,2019-08-14 14:07:17,6350,4946,0,0,638,483,0,0,6350,4946,5663,4382,687,534,252,1,1,26,399,238,NULL,253,NULL,146,2,1,3,NULL,1,NULL
6993,7167,2019-08-01 18:22:00,2019-08-14 14:07:16,747,559,0,0,680,506,0,0,747,559,0,0,747,559,51,0,0,46,51,47,40,8,3,NULL,4,NULL,NULL,NULL,NULL,NULL
6992,7166,2019-08-01 18:21:59,2019-08-14 14:07:16,314,245,0,0,277,215,0,0,314,245,0,0,314,245,7,0,0,7,7,6,4,1,2,NULL,1,NULL,NULL,NULL,NULL,NULL
6991,7165,2019-08-01 18:21:59,2019-08-14 14:07:15,341,263,0,0,296,232,0,0,341,263,0,0,341,263,3,0,0,3,2,2,2,NULL,NULL,NULL,1,NULL,NULL,NULL,NULL,NULL
6990,7164,2019-08-01 18:21:58,2019-08-14 14:07:15,528,407,0,0,472,363,0,0,528,407,0,0,528,407,18,0,0,18,20,17,16,3,1,NULL,NULL,NULL,NULL,NULL,NULL,NULL
6989,7163,2019-08-01 18:21:58,2019-08-14 14:07:14,434,316,0,0,386,281,0,0,434,316,0,0,434,316,17,1,1,16,20,17,14,4,2,NULL,1,NULL,NULL,1,NULL,NULL
6988,7162,2019-08-01 18:21:58,2019-08-14 14:07:14,750,569,0,0,573,444,0,0,750,569,102,78,648,493,48,0,0,32,54,37,NULL,34,NULL,19,6,NULL,6,NULL,NULL,NULL
6987,7161,2019-08-01 18:21:57,2019-08-14 14:07:13,421,312,0,0,369,275,0,0,421,312,0,0,421,312,12,0,0,12,11,10,8,2,1,NULL,2,NULL,NULL,NULL,NULL,NULL
6986,7160,2019-08-01 18:21:57,2019-08-14 14:07:13,636,495,0,0,571,449,0,0,636,495,2,2,634,493,34,0,0,30,27,24,15,10,2,NULL,11,1,1,NULL,NULL,NULL
6985,7159,2019-08-01 18:21:56,2019-08-14 14:07:12,386,313,0,0,343,277,0,0,386,313,0,0,386,313,15,0,0,13,15,14,13,2,NULL,NULL,1,NULL,NULL,NULL,NULL,NULL
6984,7158,2019-08-01 18:21:56,2019-08-14 14:07:12,1067,801,0,0,967,723,0,0,1067,801,18,13,1049,786,117,0,0,106,122,100,67,46,9,NULL,17,4,NULL,NULL,NULL,NULL
6983,7157,2019-08-01 18:21:56,2019-08-14 14:07:11,529,397,0,0,473,354,0,0,529,397,0,0,529,397,24,0,0,23,17,15,13,3,1,NULL,4,NULL,NULL,NULL,NULL,NULL
6982,7156,2019-08-01 18:21:55,2019-08-14 14:07:11,340,273,0,0,280,226,0,0,340,273,18,17,322,258,11,0,0,10,9,9,6,2,1,NULL,3,NULL,2,NULL,NULL,NULL
6981,7155,2019-08-01 18:21:55,2019-08-14 14:07:10,316,250,0,0,282,220,0,0,316,250,0,0,316,250,12,0,0,12,10,10,7,2,1,NULL,2,NULL,NULL,NULL,NULL,NULL
6980,7154,2019-08-01 18:21:54,2019-08-14 14:07:10,602,468,0,0,542,420,0,0,602,468,3,3,599,465,40,0,0,37,49,36,NULL,36,NULL,13,5,2,1,NULL,NULL,NULL
6979,7153,2019-08-01 18:21:54,2019-08-14 14:07:09,442,341,0,0,393,301,0,0,442,341,1,1,441,340,17,0,0,17,12,12,10,1,1,NULL,5,NULL,1,NULL,NULL,NULL
6978,7152,2019-08-01 18:21:54,2019-08-14 14:07:09,673,494,0,0,607,450,0,0,673,494,0,0,673,494,64,0,0,62,65,64,59,5,1,NULL,NULL,NULL,NULL,NULL,NULL,NULL
6977,7151,2019-08-01 18:21:53,2019-08-14 14:07:08,322,258,0,0,284,225,0,0,322,258,0,0,322,258,10,0,0,9,11,10,8,3,NULL,NULL,2,NULL,NULL,NULL,NULL,NULL
6976,7150,2019-08-01 18:21:53,2019-08-14 14:07:08,454,344,0,0,399,305,0,0,454,344,0,0,454,344,18,0,0,17,23,17,14,5,4,NULL,1,NULL,NULL,NULL,NULL,NULL
6975,7149,2019-08-01 18:21:52,2019-08-14 14:07:07,314,246,0,0,267,214,0,0,314,246,0,0,314,246,8,0,0,8,9,8,6,1,2,NULL,NULL,NULL,NULL,NULL,NULL,NULL
6974,7148,2019-08-01 18:21:52,2019-08-14 14:07:07,652,460,0,0,582,415,0,0,652,460,0,0,652,460,40,0,0,38,45,38,35,8,2,NULL,5,NULL,NULL,NULL,NULL,NULL
6973,7147,2019-08-01 18:21:52,2019-08-14 14:07:07,515,389,0,0,444,337,0,0,515,389,12,8,503,381,15,0,0,12,11,10,NULL,5,NULL,6,4,NULL,1,NULL,NULL,NULL
6972,7146,2019-08-01 18:21:51,2019-08-14 14:07:06,591,404,0,0,391,299,0,0,591,404,155,72,436,336,22,0,0,17,21,17,4,16,1,NULL,6,1,5,NULL,NULL,NULL
6971,7145,2019-08-01 18:21:51,2019-08-14 14:07:06,393,310,0,0,351,273,0,0,393,310,0,0,393,310,11,0,0,9,10,9,6,3,1,NULL,3,NULL,NULL,NULL,NULL,NULL
6970,7144,2019-08-01 18:21:50,2019-08-14 14:07:05,860,627,0,0,662,481,0,0,860,627,136,95,724,529,60,0,0,50,68,56,47,15,6,NULL,2,NULL,NULL,NULL,NULL,NULL
6969,7143,2019-08-01 18:21:50,2019-08-14 14:07:04,519,384,0,0,467,340,0,0,519,384,7,5,512,379,18,0,0,18,14,12,9,5,NULL,NULL,4,NULL,1,NULL,NULL,NULL
6968,7142,2019-08-01 18:21:49,2019-08-14 14:07:04,384,303,0,0,337,265,0,0,384,303,0,0,384,303,17,0,0,17,17,14,10,4,3,NULL,5,NULL,NULL,NULL,NULL,NULL
6967,7141,2019-08-01 18:21:49,2019-08-14 14:07:03,628,479,0,0,567,433,0,0,628,479,0,0,628,479,51,0,0,47,60,51,44,11,5,NULL,3,NULL,NULL,NULL,NULL,NULL
6966,7140,2019-08-01 18:21:49,2019-08-14 14:07:03,810,619,0,0,660,495,0,0,810,619,97,77,718,546,52,1,1,47,59,44,NULL,30,NULL,29,4,3,1,1,NULL,NULL
6965,7139,2019-08-01 18:21:48,2019-08-14 14:07:02,876,640,0,0,797,581,0,0,876,640,0,0,876,640,80,0,0,72,85,75,68,12,5,NULL,5,1,NULL,NULL,NULL,NULL
6964,7138,2019-08-01 18:21:48,2019-08-14 14:07:02,330,268,0,0,276,228,0,0,330,268,0,0,330,268,4,0,0,4,3,3,3,NULL,NULL,NULL,1,NULL,NULL,NULL,NULL,NULL
6963,7137,2019-08-01 18:21:47,2019-08-14 14:07:01,648,497,0,0,588,449,0,0,648,497,0,0,648,497,44,0,0,40,46,41,38,5,3,NULL,3,NULL,NULL,NULL,NULL,NULL
6962,7136,2019-08-01 18:21:47,2019-08-14 14:07:01,424,333,0,0,373,290,0,0,424,333,0,0,424,333,23,0,0,19,22,22,20,2,NULL,NULL,1,NULL,NULL,NULL,NULL,NULL
6961,7135,2019-08-01 18:21:47,2019-08-14 14:07:00,614,493,0,0,552,444,0,0,614,493,0,0,614,493,47,0,0,41,51,46,38,12,1,NULL,1,1,NULL,NULL,NULL,NULL
6960,7134,2019-08-01 18:21:46,2019-08-14 14:07:00,261,204,0,0,227,172,0,0,261,204,0,0,261,204,1,0,0,1,1,1,1,NULL,NULL,NULL,NULL,NULL,NULL,NULL,NULL,NULL
6959,7133,2019-08-01 18:21:46,2019-08-14 14:07:00,322,244,0,0,248,187,0,0,322,244,39,25,283,220,4,0,0,4,4,3,3,1,NULL,NULL,2,NULL,1,NULL,NULL,NULL
6958,7132,2019-08-01 18:21:45,2019-08-14 14:06:59,511,390,0,0,453,344,0,0,511,390,0,0,511,390,29,0,0,25,33,26,17,16,NULL,NULL,4,2,NULL,NULL,NULL,NULL
6957,7131,2019-08-01 18:21:45,2019-08-14 14:06:59,926,675,0,0,840,611,0,0,926,675,1,1,925,675,50,0,0,47,32,32,NULL,NULL,NULL,32,9,2,1,NULL,NULL,NULL
6956,7130,2019-08-01 18:21:45,2019-08-14 14:06:58,662,490,0,0,593,438,0,0,662,490,0,0,662,490,33,0,0,28,34,30,27,5,2,NULL,3,NULL,NULL,NULL,NULL,NULL
6955,7129,2019-08-01 18:21:44,2019-08-14 14:06:58,649,469,0,0,559,418,0,0,649,469,2,2,647,469,24,0,0,20,42,24,5,27,10,NULL,1,2,NULL,NULL,NULL,NULL
6954,7128,2019-08-01 18:21:44,2019-08-14 14:06:57,790,616,0,0,665,525,0,0,790,616,44,35,746,583,36,0,0,31,46,32,26,15,5,NULL,4,NULL,2,NULL,NULL,NULL
6953,7127,2019-08-01 18:21:43,2019-08-14 14:06:57,860,617,0,0,759,555,0,0,860,617,7,7,853,609,82,0,0,73,102,76,55,32,15,NULL,10,1,NULL,NULL,NULL,NULL
6952,7126,2019-08-01 18:21:43,2019-08-14 14:06:56,226,185,0,0,194,159,0,0,226,185,0,0,226,185,1,0,0,1,0,0,NULL,NULL,NULL,NULL,1,NULL,NULL,NULL,NULL,NULL
6951,7125,2019-08-01 18:21:43,2019-08-14 14:06:56,536,393,0,0,465,344,0,0,536,393,0,0,536,393,8,0,0,7,5,5,NULL,NULL,NULL,5,1,2,NULL,NULL,NULL,NULL
6950,7124,2019-08-01 18:21:42,2019-08-14 14:06:55,608,471,0,0,536,422,0,0,608,471,0,0,608,471,41,0,0,36,42,38,30,8,4,NULL,5,NULL,NULL,NULL,NULL,NULL
6949,7123,2019-08-01 18:21:42,2019-08-14 14:06:55,706,512,0,0,613,454,0,0,706,512,0,0,706,512,44,1,1,39,50,41,30,9,11,NULL,5,NULL,NULL,1,NULL,NULL
6948,7122,2019-08-01 18:21:41,2019-08-14 14:06:54,357,276,0,0,306,243,0,0,357,276,0,0,357,276,8,0,0,7,7,6,5,1,1,NULL,1,NULL,NULL,NULL,NULL,NULL
6947,7121,2019-08-01 18:21:41,2019-08-14 14:06:54,378,292,0,0,324,256,0,0,378,292,0,0,378,292,10,0,0,8,8,8,5,2,1,NULL,6,NULL,NULL,NULL,NULL,NULL
6946,7120,2019-08-01 18:21:41,2019-08-14 14:06:53,382,306,0,0,337,270,0,0,382,306,0,0,382,306,17,1,1,15,14,10,6,6,2,NULL,8,NULL,NULL,1,NULL,NULL
6945,7119,2019-08-01 18:21:40,2019-08-14 14:06:53,436,353,0,0,377,308,0,0,436,353,0,0,436,353,15,0,0,13,14,13,10,1,3,NULL,4,NULL,NULL,NULL,NULL,NULL
6944,7118,2019-08-01 18:21:40,2019-08-14 14:06:52,850,647,0,0,714,547,0,0,850,647,78,44,772,604,42,0,0,30,30,29,NULL,NULL,NULL,30,9,1,3,NULL,NULL,NULL
6943,7117,2019-08-01 18:21:40,2019-08-14 14:06:52,611,473,0,0,536,424,0,0,611,473,0,0,611,473,39,1,1,36,42,33,23,7,12,NULL,7,NULL,NULL,1,NULL,NULL
6942,7116,2019-08-01 18:21:39,2019-08-14 14:06:51,356,288,0,0,307,255,0,0,356,288,0,0,356,288,9,0,0,8,7,7,6,1,NULL,NULL,2,NULL,NULL,NULL,NULL,NULL
6941,7115,2019-08-01 18:21:39,2019-08-14 14:06:51,451,355,0,0,388,313,0,0,451,355,0,0,451,355,19,0,0,17,26,19,16,8,2,NULL,1,1,NULL,NULL,NULL,NULL
6940,7114,2019-08-01 18:21:38,2019-08-14 14:06:50,478,369,0,0,404,323,0,0,478,369,0,0,478,369,23,0,0,20,22,22,21,NULL,1,NULL,NULL,NULL,NULL,NULL,NULL,NULL
6939,7113,2019-08-01 18:21:38,2019-08-14 14:06:50,540,413,0,0,475,362,0,0,540,413,0,0,540,413,30,0,0,28,47,30,25,9,13,NULL,NULL,NULL,NULL,NULL,NULL,NULL
6938,7112,2019-08-01 18:21:37,2019-08-14 14:06:49,443,343,0,0,381,305,0,0,443,343,0,0,443,343,23,1,1,22,24,20,19,4,1,NULL,5,NULL,NULL,1,NULL,NULL
6937,7111,2019-08-01 18:21:37,2019-08-14 14:06:49,951,700,0,0,795,585,0,0,951,700,78,52,873,646,85,0,0,73,79,66,41,25,13,NULL,20,1,3,NULL,NULL,NULL
6936,7110,2019-08-01 18:21:36,2019-08-14 14:06:48,576,420,0,0,510,375,0,0,576,420,0,0,576,420,23,0,0,19,18,17,NULL,NULL,NULL,18,1,NULL,NULL,NULL,NULL,NULL
6935,7109,2019-08-01 18:21:36,2019-08-14 14:06:48,455,355,0,0,407,317,0,0,455,355,0,0,455,355,27,0,0,25,25,23,20,4,1,NULL,7,NULL,NULL,NULL,NULL,NULL
6934,7108,2019-08-01 18:21:36,2019-08-14 14:06:47,497,381,0,0,438,336,0,0,497,381,0,0,497,381,27,0,0,23,27,24,7,20,NULL,NULL,3,3,NULL,NULL,NULL,NULL
6933,7107,2019-08-01 18:21:35,2019-08-14 14:06:47,1220,890,0,0,949,676,0,0,1220,890,192,145,1028,741,101,0,0,83,100,81,37,46,17,NULL,8,2,2,NULL,NULL,NULL
6932,7106,2019-08-01 18:21:35,2019-08-14 14:06:46,323,252,0,0,284,219,0,0,323,252,0,0,323,252,9,1,1,9,9,7,5,3,1,NULL,2,NULL,NULL,1,NULL,NULL
6931,7105,2019-08-01 18:21:34,2019-08-14 14:06:46,685,520,0,0,594,460,0,0,685,520,0,0,685,520,43,1,1,39,37,29,24,10,3,NULL,18,NULL,NULL,1,NULL,NULL
6930,7104,2019-08-01 18:21:34,2019-08-14 14:06:46,510,411,0,0,441,359,0,0,510,411,0,0,510,411,29,1,1,27,22,22,21,NULL,1,NULL,5,NULL,NULL,1,NULL,NULL
6929,7103,2019-08-01 18:21:33,2019-08-14 14:06:45,618,461,0,0,519,395,0,0,618,461,22,13,596,448,37,0,0,30,36,30,27,5,4,NULL,6,NULL,3,NULL,NULL,NULL
6928,7102,2019-08-01 18:21:33,2019-08-14 14:06:45,398,292,0,0,357,261,0,0,398,292,0,0,398,292,11,0,0,11,12,10,9,3,NULL,NULL,NULL,2,NULL,NULL,NULL,NULL
6927,7101,2019-08-01 18:21:33,2019-08-14 14:06:44,763,564,0,0,674,506,0,0,763,564,0,0,763,564,59,0,0,52,65,58,55,8,2,NULL,1,NULL,NULL,NULL,NULL,NULL
6926,7100,2019-08-01 18:21:32,2019-08-14 14:06:44,437,337,0,0,382,302,0,0,437,337,3,1,434,336,21,0,0,19,20,19,16,4,NULL,NULL,2,1,NULL,NULL,NULL,NULL
6925,7099,2019-08-01 18:21:32,2019-08-14 14:06:43,406,310,0,0,362,276,0,0,406,310,0,0,406,310,16,0,0,12,14,12,9,3,2,NULL,4,NULL,NULL,NULL,NULL,NULL
6924,7098,2019-08-01 18:21:31,2019-08-14 14:06:43,447,326,0,0,395,292,0,0,447,326,9,5,438,324,20,0,0,19,19,16,9,6,4,NULL,5,1,NULL,NULL,NULL,NULL
6923,7097,2019-08-01 18:21:31,2019-08-14 14:06:42,580,413,0,0,514,366,0,0,580,413,4,3,576,409,31,0,0,28,31,28,7,21,3,NULL,4,4,NULL,NULL,NULL,NULL
6922,7096,2019-08-01 18:21:31,2019-08-14 14:06:42,287,226,0,0,257,201,0,0,287,226,0,0,287,226,6,0,0,5,5,4,4,NULL,1,NULL,2,NULL,NULL,NULL,NULL,NULL
6921,7095,2019-08-01 18:21:30,2019-08-14 14:06:41,1057,766,0,0,783,571,0,0,1057,766,198,139,859,625,67,0,0,48,39,38,NULL,2,NULL,37,22,1,5,NULL,NULL,NULL
6920,7094,2019-08-01 18:21:30,2019-08-14 14:06:41,449,343,0,0,398,306,0,0,449,343,0,0,449,343,18,0,0,17,13,12,12,NULL,1,NULL,5,NULL,NULL,NULL,NULL,NULL
6919,7093,2019-08-01 18:21:29,2019-08-14 14:06:40,437,330,0,0,378,296,0,0,437,330,0,0,437,330,18,0,0,17,21,17,16,3,2,NULL,1,NULL,NULL,NULL,NULL,NULL
6918,7092,2019-08-01 18:21:29,2019-08-14 14:06:40,719,540,0,0,635,480,0,0,719,540,0,0,719,540,59,0,0,55,61,56,53,4,4,NULL,5,NULL,NULL,NULL,NULL,NULL
6917,7091,2019-08-01 18:21:29,2019-08-14 14:06:39,741,559,0,0,653,494,0,0,741,559,7,6,734,552,50,0,0,40,57,49,35,19,3,NULL,2,3,NULL,NULL,NULL,NULL
6916,7090,2019-08-01 18:21:28,2019-08-14 14:06:39,439,353,0,0,389,313,0,0,439,353,0,0,439,353,20,0,0,18,22,19,16,4,2,NULL,2,NULL,NULL,NULL,NULL,NULL
6915,7089,2019-08-01 18:21:28,2019-08-14 14:06:38,461,359,0,0,410,322,0,0,461,359,0,0,461,359,21,0,0,21,23,20,17,3,3,NULL,1,NULL,NULL,NULL,NULL,NULL
6914,7088,2019-08-01 18:21:27,2019-08-14 14:06:38,275,226,0,0,238,197,0,0,275,226,0,0,275,226,6,0,0,6,6,5,2,3,1,NULL,1,NULL,NULL,NULL,NULL,NULL
6913,7087,2019-08-01 18:21:27,2019-08-14 14:06:37,576,423,0,0,520,383,0,0,576,423,0,0,576,423,19,0,0,16,14,13,NULL,3,NULL,10,6,NULL,1,NULL,NULL,NULL
6912,7086,2019-08-01 18:21:26,2019-08-14 14:06:37,431,331,0,0,383,295,0,0,431,331,0,0,431,331,14,0,0,13,11,10,6,1,4,NULL,5,NULL,NULL,NULL,NULL,NULL
6911,7085,2019-08-01 18:21:26,2019-08-14 14:06:36,485,379,0,0,429,335,0,0,485,379,0,0,485,379,19,0,0,18,18,17,17,1,NULL,NULL,1,NULL,NULL,NULL,NULL,NULL
6910,7084,2019-08-01 18:21:26,2019-08-14 14:06:36,598,446,0,0,526,398,0,0,598,446,0,0,598,446,25,0,0,21,25,23,22,1,2,NULL,2,NULL,NULL,NULL,NULL,NULL
6909,7083,2019-08-01 18:21:25,2019-08-14 14:06:35,798,604,0,0,532,412,0,0,798,604,210,154,588,455,34,0,0,18,26,19,NULL,18,NULL,8,7,NULL,4,NULL,NULL,NULL
6908,7082,2019-08-01 18:21:25,2019-08-14 14:06:35,998,733,0,0,870,640,0,0,998,733,37,25,961,704,76,0,0,65,80,65,42,35,3,NULL,11,6,1,NULL,NULL,NULL
6907,7081,2019-08-01 18:21:24,2019-08-14 14:06:34,719,552,0,0,654,502,0,0,719,552,2,2,717,551,49,0,0,43,58,46,38,17,3,NULL,5,1,NULL,NULL,NULL,NULL
6906,7080,2019-08-01 18:21:24,2019-08-14 14:06:34,417,312,0,0,371,278,0,0,417,312,0,0,417,312,15,0,0,14,16,14,11,4,1,NULL,3,NULL,NULL,NULL,NULL,NULL
6905,7079,2019-08-01 18:21:24,2019-08-14 14:06:33,465,355,0,0,419,321,0,0,465,355,1,1,464,354,18,0,0,17,19,17,8,7,4,NULL,4,1,NULL,NULL,NULL,NULL
6904,7078,2019-08-01 18:21:23,2019-08-14 14:06:33,542,411,0,0,475,365,0,0,542,411,11,9,531,401,21,0,0,18,29,19,13,11,5,NULL,4,NULL,2,NULL,NULL,NULL
6903,7077,2019-08-01 18:21:23,2019-08-14 14:06:32,519,395,0,0,469,360,0,0,519,395,0,0,519,395,22,0,0,19,28,19,NULL,15,NULL,12,3,NULL,NULL,NULL,NULL,NULL
6902,7076,2019-08-01 18:21:23,2019-08-14 14:06:32,644,509,0,0,557,444,0,0,644,509,6,4,638,504,59,0,0,53,59,57,52,3,4,NULL,2,NULL,1,NULL,NULL,NULL
6901,7075,2019-08-01 18:21:22,2019-08-14 14:06:31,233,187,0,0,197,163,0,0,233,187,5,5,228,182,4,0,0,4,0,0,NULL,NULL,NULL,NULL,3,NULL,1,NULL,NULL,NULL
6900,7074,2019-08-01 18:21:22,2019-08-14 14:06:31,979,692,0,0,844,593,0,0,979,692,55,40,924,650,78,0,0,68,93,72,48,41,4,NULL,5,7,1,NULL,NULL,NULL
6899,7073,2019-08-01 18:21:21,2019-08-14 14:06:30,998,724,0,0,860,628,0,0,998,724,45,38,953,689,135,0,0,125,152,134,131,14,7,NULL,2,NULL,1,NULL,NULL,NULL
6898,7072,2019-08-01 18:21:21,2019-08-14 14:06:30,387,310,0,0,335,278,0,0,387,310,0,0,387,310,13,0,0,11,16,11,8,5,3,NULL,1,NULL,NULL,NULL,NULL,NULL
6897,7071,2019-08-01 18:21:21,2019-08-14 14:06:30,503,393,0,0,441,349,0,0,503,393,3,3,500,390,15,0,0,14,15,13,10,4,1,NULL,1,1,1,NULL,NULL,NULL
6896,7070,2019-08-01 18:21:20,2019-08-14 14:06:29,704,524,0,0,610,460,0,0,704,524,14,10,690,512,51,0,0,43,66,47,NULL,49,NULL,17,6,1,3,NULL,NULL,NULL
6895,7069,2019-08-01 18:21:20,2019-08-14 14:06:29,203,156,0,0,186,140,0,0,203,156,0,0,203,156,1,0,0,1,0,0,NULL,NULL,NULL,NULL,1,NULL,NULL,NULL,NULL,NULL
6894,7068,2019-08-01 18:21:19,2019-08-14 14:06:28,705,537,0,0,586,441,0,0,705,537,56,40,649,494,42,0,0,37,60,39,32,11,17,NULL,2,NULL,1,NULL,NULL,NULL
6893,7067,2019-08-01 18:21:19,2019-08-14 14:06:28,586,443,0,0,528,400,0,0,586,443,1,1,585,441,31,0,0,30,46,30,23,18,5,NULL,3,3,NULL,NULL,NULL,NULL
6892,7066,2019-08-01 18:21:19,2019-08-14 14:06:27,542,391,0,0,479,348,0,0,542,391,0,0,542,391,26,0,0,25,26,24,20,2,4,NULL,2,NULL,NULL,NULL,NULL,NULL
6891,7065,2019-08-01 18:21:18,2019-08-14 14:06:27,457,362,0,0,396,320,0,0,457,362,12,8,445,353,17,0,0,16,25,14,8,15,2,NULL,4,1,1,NULL,NULL,NULL
6890,7064,2019-08-01 18:21:18,2019-08-14 14:06:26,426,335,0,0,377,301,0,0,426,335,0,0,426,335,14,0,0,13,20,13,10,8,2,NULL,1,1,NULL,NULL,NULL,NULL
6889,7063,2019-08-01 18:21:17,2019-08-14 14:06:26,352,280,0,0,309,250,0,0,352,280,0,0,352,280,15,0,0,15,13,11,6,7,NULL,NULL,4,NULL,NULL,NULL,NULL,NULL
6888,7062,2019-08-01 18:21:17,2019-08-14 14:06:25,1446,1064,0,0,940,702,0,0,1446,1064,430,310,1016,767,224,0,0,132,269,208,NULL,233,NULL,36,20,2,6,NULL,NULL,NULL
6887,7061,2019-08-01 18:21:17,2019-08-14 14:06:25,698,506,0,0,623,453,0,0,698,506,0,0,698,506,60,1,1,56,62,60,58,4,NULL,NULL,NULL,NULL,NULL,NULL,1,NULL
6886,7060,2019-08-01 18:21:16,2019-08-14 14:06:24,415,314,0,0,372,283,0,0,415,314,0,0,415,314,20,0,0,16,19,18,14,4,1,NULL,2,NULL,NULL,NULL,NULL,NULL
6885,7059,2019-08-01 18:21:16,2019-08-14 14:06:24,434,333,0,0,395,302,0,0,434,333,0,0,434,333,16,0,0,14,11,10,7,4,NULL,NULL,4,NULL,NULL,NULL,NULL,NULL
6884,7058,2019-08-01 18:21:15,2019-08-14 14:06:23,451,346,0,0,401,307,0,0,451,346,0,0,451,346,16,0,0,15,15,15,14,1,NULL,NULL,2,NULL,NULL,NULL,NULL,NULL
6883,7057,2019-08-01 18:21:15,2019-08-14 14:06:23,544,424,0,0,476,377,0,0,544,424,7,5,537,419,19,0,0,18,20,18,11,8,1,NULL,2,1,NULL,NULL,NULL,NULL
6882,7056,2019-08-01 18:21:14,2019-08-14 14:06:22,427,327,0,0,377,292,0,0,427,327,0,0,427,327,18,0,0,18,9,9,8,NULL,1,NULL,7,NULL,NULL,NULL,NULL,NULL
6881,7055,2019-08-01 18:21:14,2019-08-14 14:06:22,807,589,0,0,724,525,0,0,807,589,11,8,796,579,64,0,0,59,88,58,27,29,32,NULL,3,1,1,NULL,NULL,NULL
6880,7054,2019-08-01 18:21:14,2019-08-14 14:06:21,425,308,0,0,380,278,0,0,425,308,0,0,425,308,16,0,0,14,16,15,12,3,1,NULL,2,NULL,NULL,NULL,NULL,NULL
6879,7053,2019-08-01 18:21:13,2019-08-14 14:06:21,867,604,0,0,763,521,0,0,867,604,39,29,828,573,63,0,0,57,64,54,23,34,7,NULL,6,5,1,NULL,NULL,NULL
6878,7052,2019-08-01 18:21:13,2019-08-14 14:06:20,573,426,0,0,501,385,0,0,573,426,0,0,573,426,31,0,0,29,36,29,28,5,3,NULL,2,NULL,NULL,NULL,NULL,NULL
6877,7051,2019-08-01 18:21:12,2019-08-14 14:06:20,345,268,0,0,310,242,0,0,345,268,0,0,345,268,9,0,0,8,8,7,6,1,1,NULL,2,NULL,NULL,NULL,NULL,NULL
6876,7050,2019-08-01 18:21:12,2019-08-14 14:06:19,611,478,0,0,553,429,0,0,611,478,0,0,611,478,34,0,0,33,43,31,30,9,4,NULL,4,NULL,NULL,NULL,NULL,NULL
6875,7049,2019-08-01 18:21:11,2019-08-14 14:06:19,549,418,0,0,498,373,0,0,549,418,0,0,549,418,36,0,0,33,37,34,31,2,4,NULL,3,NULL,NULL,NULL,NULL,NULL
6874,7048,2019-08-01 18:21:11,2019-08-14 14:06:18,276,227,0,0,246,202,0,0,276,227,0,0,276,227,6,0,0,6,5,5,3,2,NULL,NULL,1,NULL,NULL,NULL,NULL,NULL
6873,7047,2019-08-01 18:21:11,2019-08-14 14:06:18,1232,870,0,0,1118,779,0,0,1232,870,19,14,1213,854,162,0,0,147,174,141,98,59,17,NULL,16,2,1,NULL,NULL,NULL
6872,7046,2019-08-01 18:21:10,2019-08-14 14:06:17,374,284,0,0,338,252,0,0,374,284,0,0,374,284,13,0,0,13,14,12,11,3,NULL,NULL,1,NULL,NULL,NULL,NULL,NULL
6871,7045,2019-08-01 18:21:10,2019-08-14 14:06:17,553,409,0,0,508,377,0,0,553,409,0,0,553,409,27,0,0,26,26,24,19,6,1,NULL,2,1,NULL,NULL,NULL,NULL
6870,7044,2019-08-01 18:21:09,2019-08-14 14:06:16,513,395,0,0,466,359,0,0,513,395,0,0,513,395,20,0,0,20,21,18,12,7,2,NULL,2,1,NULL,NULL,NULL,NULL
6869,7043,2019-08-01 18:21:09,2019-08-14 14:06:16,322,252,0,0,287,226,0,0,322,252,0,0,322,252,5,0,0,5,6,5,2,2,2,NULL,1,NULL,NULL,NULL,NULL,NULL
6868,7042,2019-08-01 18:21:09,2019-08-14 14:06:16,459,341,0,0,411,308,0,0,459,341,0,0,459,341,21,0,0,20,23,20,19,2,2,NULL,1,NULL,NULL,NULL,NULL,NULL
6867,7041,2019-08-01 18:21:08,2019-08-14 14:06:15,592,438,0,0,522,390,0,0,592,438,0,0,592,438,30,0,0,27,27,23,22,3,2,NULL,9,NULL,NULL,NULL,NULL,NULL
6866,7040,2019-08-01 18:21:08,2019-08-14 14:06:15,360,262,0,0,320,235,0,0,360,262,0,0,360,262,10,0,0,10,9,5,4,1,4,NULL,5,NULL,NULL,NULL,NULL,NULL
6865,7039,2019-08-01 18:21:07,2019-08-14 14:06:14,721,550,0,0,541,411,0,0,721,550,137,101,584,446,40,0,0,30,39,27,NULL,26,NULL,13,10,NULL,2,NULL,NULL,NULL
6864,7038,2019-08-01 18:21:07,2019-08-14 14:06:14,780,560,0,0,691,499,0,0,780,560,11,7,769,551,50,0,0,48,57,44,38,11,8,NULL,9,NULL,1,NULL,NULL,NULL
6863,7037,2019-08-01 18:21:07,2019-08-14 14:06:13,964,693,0,0,846,613,0,0,964,693,36,27,928,662,81,0,0,75,78,68,48,28,2,NULL,5,2,1,NULL,NULL,NULL
6862,7036,2019-08-01 18:21:06,2019-08-14 14:06:13,1102,814,0,0,820,601,0,0,1102,814,205,146,897,656,94,0,0,72,110,87,59,39,12,NULL,5,1,2,NULL,NULL,NULL
6861,7035,2019-08-01 18:21:06,2019-08-14 14:06:12,545,409,0,0,487,368,0,0,545,409,0,0,545,409,21,0,0,19,14,13,12,2,NULL,NULL,8,NULL,NULL,NULL,NULL,NULL
6860,7034,2019-08-01 18:21:06,2019-08-14 14:06:12,505,375,0,0,450,340,0,0,505,375,0,0,505,375,15,0,0,14,16,13,10,3,3,NULL,4,NULL,NULL,NULL,NULL,NULL
6859,7033,2019-08-01 18:21:05,2019-08-14 14:06:11,640,481,0,0,572,439,0,0,640,481,0,0,640,481,22,0,0,19,21,15,NULL,12,NULL,9,8,NULL,NULL,NULL,NULL,NULL
6858,7032,2019-08-01 18:21:05,2019-08-14 14:06:11,349,273,0,0,316,246,0,0,349,273,0,0,349,273,7,0,0,6,7,7,7,NULL,NULL,NULL,NULL,NULL,NULL,NULL,NULL,NULL
6857,7031,2019-08-01 18:21:04,2019-08-14 14:06:10,726,526,0,0,576,435,0,0,726,526,90,37,636,489,53,0,0,34,72,44,27,40,5,NULL,6,NULL,1,NULL,NULL,NULL
6856,7030,2019-08-01 18:21:04,2019-08-14 14:06:10,447,348,0,0,395,312,0,0,447,348,0,0,447,348,14,1,1,13,17,13,11,4,2,NULL,1,NULL,NULL,1,NULL,NULL
6855,7029,2019-08-01 18:21:04,2019-08-14 14:06:09,350,269,0,0,315,243,0,0,350,269,0,0,350,269,14,0,0,11,15,14,14,1,NULL,NULL,NULL,NULL,NULL,NULL,NULL,NULL
6854,7028,2019-08-01 18:21:03,2019-08-14 14:06:09,432,323,0,0,390,288,0,0,432,323,0,0,432,323,15,0,0,14,11,11,8,2,1,NULL,4,NULL,NULL,NULL,NULL,NULL
6853,7027,2019-08-01 18:21:03,2019-08-14 14:06:08,483,359,0,0,437,326,0,0,483,359,0,0,483,359,16,0,0,14,16,13,8,4,4,NULL,1,NULL,NULL,NULL,NULL,NULL
6852,7026,2019-08-01 18:21:02,2019-08-14 14:06:08,992,727,0,0,782,581,0,0,992,727,103,81,889,650,82,0,0,54,93,67,NULL,47,NULL,46,10,NULL,2,NULL,NULL,NULL
6851,7025,2019-08-01 18:20:54,2019-08-14 14:09:07,833,616,0,0,541,406,0,0,833,616,242,172,591,444,50,0,0,34,56,44,37,16,3,NULL,6,NULL,5,NULL,NULL,NULL
6850,7024,2019-08-01 18:20:54,2019-08-14 14:09:06,508,379,0,0,427,322,0,0,508,379,29,18,479,361,25,1,1,18,28,23,21,5,2,NULL,4,NULL,1,NULL,1,NULL
6849,7023,2019-08-01 18:20:54,2019-08-14 14:09:06,451,341,0,0,398,301,0,0,451,341,0,0,451,341,13,0,0,12,15,11,2,9,4,NULL,2,2,NULL,NULL,NULL,NULL
6848,7022,2019-08-01 18:20:53,2019-08-14 14:09:05,199,163,0,0,171,140,0,0,199,163,0,0,199,163,7,0,0,7,9,6,2,5,2,NULL,2,NULL,NULL,NULL,NULL,NULL
6847,7021,2019-08-01 18:20:53,2019-08-14 14:09:05,419,338,0,0,372,299,0,0,419,338,1,1,418,337,34,0,0,31,38,33,22,11,5,NULL,2,1,NULL,NULL,NULL,NULL
6846,7020,2019-08-01 18:20:52,2019-08-14 14:09:04,283,223,0,0,242,193,0,0,283,223,0,0,283,223,13,0,0,11,16,12,10,5,1,NULL,3,NULL,NULL,NULL,NULL,NULL
6845,7019,2019-08-01 18:20:52,2019-08-14 14:09:04,805,613,0,0,713,543,0,0,805,613,25,19,780,593,71,0,0,64,87,55,NULL,65,NULL,21,19,NULL,1,NULL,NULL,NULL
6844,7018,2019-08-01 18:20:51,2019-08-14 14:09:03,686,504,0,0,624,449,0,0,686,504,6,5,680,499,83,0,0,76,123,81,55,44,24,NULL,3,4,1,NULL,NULL,NULL
6843,7017,2019-08-01 18:20:51,2019-08-14 14:09:03,736,555,0,0,650,495,0,0,736,555,8,6,728,550,51,0,0,43,65,47,NULL,46,NULL,19,9,2,2,NULL,NULL,NULL
6842,7016,2019-08-01 18:20:51,2019-08-14 14:09:02,813,589,0,0,718,518,0,0,813,589,27,18,786,572,73,0,0,64,97,71,NULL,74,NULL,23,6,1,1,NULL,NULL,NULL
6841,7015,2019-08-01 18:20:50,2019-08-14 14:09:02,491,374,0,0,440,335,0,0,491,374,0,0,491,374,16,0,0,16,19,14,8,7,4,NULL,4,NULL,NULL,NULL,NULL,NULL
6840,7014,2019-08-01 18:20:50,2019-08-14 14:09:01,453,333,0,0,401,294,0,0,453,333,0,0,453,333,24,0,0,19,17,15,12,5,NULL,NULL,8,NULL,NULL,NULL,NULL,NULL
6839,7013,2019-08-01 18:20:49,2019-08-14 14:09:01,696,506,0,0,618,450,0,0,696,506,17,12,679,495,48,0,0,47,57,38,20,25,12,NULL,9,1,NULL,NULL,NULL,NULL
6838,7012,2019-08-01 18:20:49,2019-08-14 14:09:00,388,283,0,0,345,256,0,0,388,283,0,0,388,283,26,0,0,24,26,23,12,9,5,NULL,8,NULL,NULL,NULL,NULL,NULL
6837,7011,2019-08-01 18:20:49,2019-08-14 14:09:00,755,579,0,0,688,525,0,0,755,579,0,0,755,579,44,0,0,37,60,42,NULL,41,NULL,19,5,NULL,NULL,NULL,NULL,NULL
6836,7010,2019-08-01 18:20:48,2019-08-14 14:08:59,742,537,0,0,669,476,0,0,742,537,0,0,742,537,61,0,0,59,59,54,46,7,6,NULL,13,NULL,NULL,NULL,NULL,NULL
6835,7009,2019-08-01 18:20:48,2019-08-14 14:08:59,295,223,0,0,265,197,0,0,295,223,0,0,295,223,7,0,0,7,5,5,3,1,1,NULL,2,NULL,NULL,NULL,NULL,NULL
6834,7008,2019-08-01 18:20:48,2019-08-14 14:08:58,491,356,0,0,436,319,0,0,491,356,0,0,491,356,29,0,0,27,31,26,22,5,4,NULL,3,NULL,NULL,NULL,NULL,NULL
6833,7007,2019-08-01 18:20:47,2019-08-14 14:08:58,245,185,0,0,216,164,0,0,245,185,0,0,245,185,7,0,0,7,6,6,3,1,2,NULL,1,NULL,NULL,NULL,NULL,NULL
6832,7006,2019-08-01 18:20:47,2019-08-14 14:08:57,310,245,0,0,276,219,0,0,310,245,0,0,310,245,11,0,0,11,9,9,7,2,NULL,NULL,2,NULL,NULL,NULL,NULL,NULL
6831,7005,2019-08-01 18:20:46,2019-08-14 14:08:57,437,331,0,0,393,299,0,0,437,331,0,0,437,331,33,0,0,30,34,29,26,5,3,NULL,6,NULL,NULL,NULL,NULL,NULL
6830,7004,2019-08-01 18:20:46,2019-08-14 14:08:57,665,526,0,0,597,478,0,0,665,526,0,0,665,526,86,0,0,81,123,85,NULL,84,NULL,39,4,1,NULL,NULL,NULL,NULL
6829,7003,2019-08-01 18:20:46,2019-08-14 14:08:56,307,236,0,0,281,213,0,0,307,236,0,0,307,236,8,0,0,7,6,6,6,NULL,NULL,NULL,2,NULL,NULL,NULL,NULL,NULL
6828,7002,2019-08-01 18:20:45,2019-08-14 14:08:56,300,236,0,0,270,212,0,0,300,236,0,0,300,236,13,0,0,13,11,10,9,1,1,NULL,3,NULL,NULL,NULL,NULL,NULL
6827,7001,2019-08-01 18:20:45,2019-08-14 14:08:55,340,267,0,0,312,238,0,0,340,267,0,0,340,267,15,0,0,15,14,12,10,2,2,NULL,3,NULL,NULL,NULL,NULL,NULL
6826,7000,2019-08-01 18:20:44,2019-08-14 14:08:55,522,387,0,0,469,346,0,0,522,387,0,0,522,387,43,0,0,36,48,43,37,6,5,NULL,NULL,NULL,NULL,NULL,NULL,NULL
6825,6999,2019-08-01 18:20:44,2019-08-14 14:08:54,268,207,0,0,231,181,0,0,268,207,0,0,268,207,2,0,0,2,1,1,1,NULL,NULL,NULL,1,NULL,NULL,NULL,NULL,NULL
6824,6998,2019-08-01 18:20:44,2019-08-14 14:08:54,393,316,0,0,345,277,0,0,393,316,0,0,393,316,17,0,0,17,17,16,14,2,1,NULL,2,NULL,NULL,NULL,NULL,NULL
6823,6997,2019-08-01 18:20:43,2019-08-14 14:08:53,273,206,0,0,245,185,0,0,273,206,0,0,273,206,4,0,0,4,4,3,2,1,1,NULL,1,NULL,NULL,NULL,NULL,NULL
6822,6996,2019-08-01 18:20:43,2019-08-14 14:08:53,885,668,0,0,809,612,0,0,885,668,0,0,885,668,92,0,0,86,130,88,NULL,89,NULL,40,3,NULL,NULL,NULL,NULL,NULL
6821,6995,2019-08-01 18:20:42,2019-08-14 14:08:52,344,255,0,0,310,230,0,0,344,255,0,0,344,255,14,0,0,14,6,6,5,1,NULL,NULL,9,NULL,NULL,NULL,NULL,NULL
6820,6994,2019-08-01 18:20:42,2019-08-14 14:08:52,385,294,0,0,351,269,0,0,385,294,0,0,385,294,18,0,0,17,14,14,12,1,1,NULL,5,NULL,NULL,NULL,NULL,NULL
6819,6993,2019-08-01 18:20:42,2019-08-14 14:08:51,534,393,0,0,492,362,0,0,534,393,0,0,534,393,37,0,0,35,31,28,24,4,3,NULL,8,NULL,NULL,NULL,NULL,NULL
6818,6992,2019-08-01 18:20:41,2019-08-14 14:08:51,330,250,0,0,292,223,0,0,330,250,0,0,330,250,15,0,0,13,15,10,10,3,2,NULL,6,NULL,NULL,NULL,NULL,NULL
6817,6991,2019-08-01 18:20:41,2019-08-14 14:08:50,536,407,0,0,485,368,0,0,536,407,0,0,536,407,40,0,0,38,43,36,22,17,4,NULL,9,2,NULL,NULL,NULL,NULL
6816,6990,2019-08-01 18:20:40,2019-08-14 14:08:50,291,217,0,0,264,194,0,0,291,217,0,0,291,217,17,0,0,15,15,14,10,3,2,NULL,2,NULL,NULL,NULL,NULL,NULL
6815,6989,2019-08-01 18:20:40,2019-08-14 14:08:49,540,403,0,0,477,361,0,0,540,403,1,1,539,402,39,0,0,37,35,30,19,9,7,NULL,10,1,NULL,NULL,NULL,NULL
6814,6988,2019-08-01 18:20:40,2019-08-14 14:08:49,762,559,0,0,667,493,0,0,762,559,29,25,733,538,58,0,0,54,64,52,31,29,4,NULL,6,3,1,NULL,NULL,NULL
6813,6987,2019-08-01 18:20:39,2019-08-14 14:08:48,978,731,0,0,804,605,0,0,978,731,99,72,879,657,61,0,0,46,66,46,NULL,50,NULL,15,24,NULL,2,NULL,NULL,NULL
6812,6986,2019-08-01 18:20:39,2019-08-14 14:08:48,264,193,0,0,235,175,0,0,264,193,0,0,264,193,2,0,0,2,3,2,2,1,NULL,NULL,1,NULL,NULL,NULL,NULL,NULL
6811,6985,2019-08-01 18:20:38,2019-08-14 14:08:47,501,359,0,0,443,317,0,0,501,359,5,4,496,354,32,0,0,26,30,26,17,9,4,NULL,11,NULL,1,NULL,NULL,NULL
6810,6984,2019-08-01 18:20:38,2019-08-14 14:08:47,287,217,0,0,254,195,0,0,287,217,7,4,280,214,12,0,0,11,12,12,9,3,NULL,NULL,1,1,NULL,NULL,NULL,NULL
6809,6983,2019-08-01 18:20:38,2019-08-14 14:08:46,354,287,0,0,311,254,0,0,354,287,8,5,346,281,15,0,0,13,14,10,9,4,1,NULL,5,NULL,1,NULL,NULL,NULL
6808,6982,2019-08-01 18:20:37,2019-08-14 14:08:46,455,342,0,0,409,307,0,0,455,342,0,0,455,342,19,0,0,19,14,12,7,4,3,NULL,9,NULL,NULL,NULL,NULL,NULL
6807,6981,2019-08-01 18:20:37,2019-08-14 14:08:45,367,269,0,0,330,242,0,0,367,269,0,0,367,269,17,0,0,17,19,16,14,4,1,NULL,1,NULL,NULL,NULL,NULL,NULL
6806,6980,2019-08-01 18:20:36,2019-08-14 14:08:45,425,324,0,0,381,288,0,0,425,324,0,0,425,324,15,0,0,13,18,14,10,5,3,NULL,2,NULL,NULL,NULL,NULL,NULL
6805,6979,2019-08-01 18:20:36,2019-08-14 14:08:44,621,489,0,0,550,439,0,0,621,489,17,12,604,476,41,0,0,37,55,38,NULL,35,NULL,20,3,1,2,NULL,NULL,NULL
6804,6978,2019-08-01 18:20:35,2019-08-14 14:08:44,414,314,0,0,368,279,0,0,414,314,0,0,414,314,12,0,0,12,6,6,NULL,4,2,NULL,6,NULL,NULL,NULL,NULL,NULL
6803,6977,2019-08-01 18:20:35,2019-08-14 14:08:43,428,326,0,0,388,293,0,0,428,326,4,3,424,322,18,0,0,17,17,15,5,10,2,NULL,3,1,NULL,NULL,NULL,NULL
6802,6976,2019-08-01 18:20:35,2019-08-14 14:08:43,683,515,0,0,592,438,0,0,683,515,34,27,649,483,40,1,1,34,46,37,20,20,6,NULL,4,3,NULL,1,NULL,NULL
6801,6975,2019-08-01 18:20:34,2019-08-14 14:08:42,1147,778,0,0,767,539,0,0,1147,778,327,213,820,577,93,0,0,60,103,72,51,41,11,NULL,23,NULL,4,NULL,NULL,NULL
6800,6974,2019-08-01 18:20:34,2019-08-14 14:08:42,748,559,0,0,678,502,0,0,748,559,0,0,748,559,105,0,0,98,120,100,100,13,7,NULL,14,NULL,NULL,NULL,NULL,NULL
6799,6973,2019-08-01 18:20:33,2019-08-14 14:08:41,461,348,0,0,398,300,0,0,461,348,17,13,444,334,14,0,0,12,16,11,8,4,4,NULL,4,NULL,1,NULL,NULL,NULL
6798,6972,2019-08-01 18:20:33,2019-08-14 14:08:41,685,518,0,0,602,448,0,0,685,518,33,25,652,490,38,1,1,34,42,32,27,9,6,NULL,4,NULL,1,1,NULL,NULL
6797,6971,2019-08-01 18:20:33,2019-08-14 14:08:41,965,737,0,0,810,609,0,0,965,737,84,63,881,672,58,0,0,47,75,48,NULL,50,NULL,25,12,NULL,4,NULL,NULL,NULL
6796,6970,2019-08-01 18:20:32,2019-08-14 14:08:40,364,261,0,0,326,233,0,0,364,261,0,0,364,261,8,0,0,7,5,4,3,2,NULL,NULL,6,NULL,NULL,NULL,NULL,NULL
6795,6969,2019-08-01 18:20:32,2019-08-14 14:08:40,807,561,0,0,718,499,0,0,807,561,9,6,798,553,84,0,0,71,81,74,68,6,7,NULL,13,NULL,1,NULL,NULL,NULL
6794,6968,2019-08-01 18:20:31,2019-08-14 14:08:39,360,271,0,0,317,238,0,0,360,271,0,0,360,271,18,0,0,16,18,17,15,3,NULL,NULL,NULL,NULL,NULL,NULL,NULL,NULL
6793,6967,2019-08-01 18:20:31,2019-08-14 14:08:39,583,428,0,0,523,381,0,0,583,428,5,1,578,426,75,0,0,67,85,73,69,11,5,NULL,5,NULL,1,NULL,NULL,NULL
6792,6966,2019-08-01 18:20:31,2019-08-14 14:08:38,953,685,0,0,805,577,0,0,953,685,83,52,870,631,88,0,0,74,94,74,41,28,25,NULL,3,2,2,NULL,NULL,NULL
6791,6965,2019-08-01 18:20:30,2019-08-14 14:08:38,443,335,0,0,378,290,0,0,443,335,10,4,433,330,11,0,0,10,12,10,NULL,7,5,NULL,NULL,2,1,NULL,NULL,NULL
6790,6964,2019-08-01 18:20:30,2019-08-14 14:08:37,310,226,0,0,279,204,0,0,310,226,4,2,306,224,16,0,0,16,17,13,10,5,2,NULL,2,NULL,1,NULL,NULL,NULL
6789,6963,2019-08-01 18:20:29,2019-08-14 14:08:37,995,743,0,0,864,646,0,0,995,743,47,33,948,707,93,1,1,83,135,78,NULL,80,NULL,54,17,2,1,NULL,1,NULL
6788,6962,2019-08-01 18:20:29,2019-08-14 14:08:36,433,335,0,0,373,300,0,0,433,335,0,0,433,335,18,0,0,18,19,14,10,7,2,NULL,1,NULL,NULL,NULL,NULL,NULL
6787,6961,2019-08-01 18:20:29,2019-08-14 14:08:36,256,194,0,0,228,174,0,0,256,194,0,0,256,194,7,0,0,7,7,7,5,2,NULL,NULL,NULL,NULL,NULL,NULL,NULL,NULL
6786,6960,2019-08-01 18:20:28,2019-08-14 14:08:35,308,234,0,0,272,206,0,0,308,234,0,0,308,234,6,0,0,5,7,4,4,3,NULL,NULL,1,NULL,NULL,NULL,NULL,NULL
6785,6959,2019-08-01 18:20:28,2019-08-14 14:08:35,223,164,0,0,199,145,0,0,223,164,0,0,223,164,3,0,0,3,2,2,2,NULL,NULL,NULL,NULL,NULL,NULL,NULL,NULL,NULL
6784,6958,2019-08-01 18:20:28,2019-08-14 14:08:34,350,276,0,0,312,245,0,0,350,276,0,0,350,276,13,0,0,12,14,12,10,3,1,NULL,2,NULL,NULL,NULL,NULL,NULL
6783,6957,2019-08-01 18:20:27,2019-08-14 14:08:34,317,247,0,0,292,224,0,0,317,247,0,0,317,247,18,0,0,17,17,17,14,2,1,NULL,3,NULL,NULL,NULL,NULL,NULL
6782,6956,2019-08-01 18:20:27,2019-08-14 14:08:33,293,220,0,0,260,197,0,0,293,220,0,0,293,220,15,0,0,15,14,12,9,4,1,NULL,3,NULL,NULL,NULL,NULL,NULL
6781,6955,2019-08-01 18:20:26,2019-08-14 14:08:33,1161,858,0,0,978,728,0,0,1161,858,94,61,1067,798,109,0,0,95,132,97,NULL,102,NULL,30,15,1,2,NULL,NULL,NULL
6780,6954,2019-08-01 18:20:26,2019-08-14 14:08:32,523,390,0,0,464,347,0,0,523,390,0,0,523,390,29,0,0,26,32,29,27,5,NULL,NULL,2,NULL,NULL,NULL,NULL,NULL
6779,6953,2019-08-01 18:20:26,2019-08-14 14:08:32,680,495,0,0,610,438,0,0,680,495,15,14,665,483,49,0,0,43,53,43,27,23,3,NULL,2,3,1,NULL,NULL,NULL
6778,6952,2019-08-01 18:20:25,2019-08-14 14:08:31,399,307,0,0,363,276,0,0,399,307,0,0,399,307,12,0,0,10,8,7,6,2,NULL,NULL,5,NULL,NULL,NULL,NULL,NULL
6777,6951,2019-08-01 18:20:25,2019-08-14 14:08:31,440,327,0,0,399,292,0,0,440,327,0,0,440,327,24,0,0,22,31,23,19,10,2,NULL,2,1,NULL,NULL,NULL,NULL
6776,6950,2019-08-01 18:20:24,2019-08-14 14:08:30,327,253,0,0,292,225,0,0,327,253,0,0,327,253,13,0,0,10,15,12,7,8,NULL,NULL,3,1,NULL,NULL,NULL,NULL
6775,6949,2019-08-01 18:20:24,2019-08-14 14:08:30,275,206,0,0,249,184,0,0,275,206,0,0,275,206,3,0,0,3,3,3,3,NULL,NULL,NULL,NULL,NULL,NULL,NULL,NULL,NULL
6774,6948,2019-08-01 18:20:24,2019-08-14 14:08:29,336,263,0,0,302,233,0,0,336,263,0,0,336,263,10,0,0,10,7,7,5,NULL,2,NULL,5,NULL,NULL,NULL,NULL,NULL
6773,6947,2019-08-01 18:20:23,2019-08-14 14:08:29,657,474,0,0,579,417,0,0,657,474,14,9,643,465,30,0,0,24,44,30,NULL,26,NULL,18,1,NULL,NULL,NULL,NULL,NULL
6772,6946,2019-08-01 18:20:23,2019-08-14 14:08:28,544,409,0,0,462,347,0,0,544,409,29,21,515,390,36,0,0,32,36,35,35,NULL,1,NULL,2,NULL,1,NULL,NULL,NULL
6771,6945,2019-08-01 18:20:22,2019-08-14 14:08:28,693,517,0,0,629,469,0,0,693,517,0,0,693,517,43,0,0,39,35,28,20,8,7,NULL,16,NULL,NULL,NULL,NULL,NULL
6770,6944,2019-08-01 18:20:22,2019-08-14 14:08:27,457,331,0,0,410,296,0,0,457,331,0,0,457,331,26,0,0,26,29,25,24,3,2,NULL,1,NULL,NULL,NULL,NULL,NULL
6769,6943,2019-08-01 18:20:21,2019-08-14 14:08:27,227,172,0,0,207,154,0,0,227,172,0,0,227,172,4,0,0,3,3,3,2,1,NULL,NULL,1,NULL,NULL,NULL,NULL,NULL
6768,6942,2019-08-01 18:20:21,2019-08-14 14:08:27,352,265,0,0,316,239,0,0,352,265,1,1,351,264,7,0,0,6,4,4,1,2,1,NULL,2,1,NULL,NULL,NULL,NULL
6767,6941,2019-08-01 18:20:21,2019-08-14 14:08:26,315,227,0,0,284,204,0,0,315,227,0,0,315,227,8,0,0,7,6,6,5,1,NULL,NULL,2,NULL,NULL,NULL,NULL,NULL
6766,6940,2019-08-01 18:20:20,2019-08-14 14:08:26,562,425,0,0,499,384,0,0,562,425,4,2,558,423,28,0,0,26,31,23,17,13,1,NULL,6,1,1,NULL,NULL,NULL
6765,6939,2019-08-01 18:20:20,2019-08-14 14:08:25,388,284,0,0,346,254,0,0,388,284,0,0,388,284,17,0,0,14,16,16,14,NULL,2,NULL,1,NULL,NULL,NULL,NULL,NULL
6764,6938,2019-08-01 18:20:20,2019-08-14 14:08:25,299,223,0,0,271,199,0,0,299,223,0,0,299,223,12,0,0,12,15,11,10,5,NULL,NULL,1,NULL,NULL,NULL,NULL,NULL
6763,6937,2019-08-01 18:20:19,2019-08-14 14:08:24,570,434,0,0,515,391,0,0,570,434,0,0,570,434,25,0,0,22,32,23,14,14,4,NULL,5,2,NULL,NULL,NULL,NULL
6762,6936,2019-08-01 18:20:19,2019-08-14 14:08:24,278,225,0,0,249,201,0,0,278,225,0,0,278,225,11,0,0,10,7,6,3,3,1,NULL,5,NULL,NULL,NULL,NULL,NULL
6761,6935,2019-08-01 18:20:18,2019-08-14 14:08:23,1202,835,0,0,756,550,0,0,1202,835,405,263,797,589,175,0,0,100,259,162,2,180,NULL,76,11,NULL,7,NULL,NULL,NULL
6760,6934,2019-08-01 18:20:18,2019-08-14 14:08:23,247,203,0,0,216,179,0,0,247,203,0,0,247,203,3,0,0,3,3,3,3,NULL,NULL,NULL,NULL,NULL,NULL,NULL,NULL,NULL
6759,6933,2019-08-01 18:20:18,2019-08-14 14:08:22,335,259,0,0,299,228,0,0,335,259,0,0,335,259,13,0,0,13,15,13,11,1,3,NULL,NULL,NULL,NULL,NULL,NULL,NULL
6758,6932,2019-08-01 18:20:17,2019-08-14 14:08:22,509,397,0,0,449,348,0,0,509,397,5,3,504,393,32,0,0,29,39,29,27,8,4,NULL,2,NULL,2,NULL,NULL,NULL
6757,6931,2019-08-01 18:20:17,2019-08-14 14:08:21,334,269,0,0,295,236,0,0,334,269,0,0,334,269,7,0,0,6,7,4,4,2,1,NULL,1,NULL,NULL,NULL,NULL,NULL
6756,6930,2019-08-01 18:20:16,2019-08-14 14:08:21,336,275,0,0,300,243,0,0,336,275,0,0,336,275,12,0,0,12,14,11,11,2,1,NULL,1,NULL,NULL,NULL,NULL,NULL
6755,6929,2019-08-01 18:20:16,2019-08-14 14:08:20,441,319,0,0,395,283,0,0,441,319,0,0,441,319,25,0,0,24,24,20,21,2,1,NULL,6,NULL,NULL,NULL,NULL,NULL
6754,6928,2019-08-01 18:20:15,2019-08-14 14:08:20,732,534,0,0,646,466,0,0,732,534,28,20,704,516,58,0,0,55,68,54,48,14,6,NULL,7,3,1,NULL,NULL,NULL
6753,6927,2019-08-01 18:20:15,2019-08-14 14:08:19,639,490,0,0,579,441,0,0,639,490,0,0,639,490,55,0,0,52,58,50,41,13,4,NULL,3,NULL,NULL,NULL,NULL,NULL
6752,6926,2019-08-01 18:20:15,2019-08-14 14:08:19,1131,814,0,0,909,649,0,0,1131,814,151,112,980,704,99,0,0,78,115,74,NULL,72,NULL,43,23,NULL,6,NULL,NULL,NULL
6751,6925,2019-08-01 18:20:14,2019-08-14 14:08:18,240,194,0,0,221,176,0,0,240,194,0,0,240,194,4,0,0,4,4,4,3,1,NULL,NULL,1,NULL,NULL,NULL,NULL,NULL
6750,6924,2019-08-01 18:20:14,2019-08-14 14:08:18,585,451,0,0,522,404,0,0,585,451,0,0,585,451,30,0,0,25,28,28,25,2,1,NULL,1,NULL,NULL,NULL,NULL,NULL
6749,6923,2019-08-01 18:20:13,2019-08-14 14:08:17,641,479,0,0,541,402,0,0,641,479,46,34,595,448,28,0,0,24,30,25,22,4,4,NULL,5,1,NULL,NULL,NULL,NULL
6748,6922,2019-08-01 18:20:13,2019-08-14 14:08:17,602,450,0,0,542,402,0,0,602,450,4,4,598,446,24,0,0,24,25,21,13,10,2,NULL,4,2,NULL,NULL,NULL,NULL
6747,6921,2019-08-01 18:20:13,2019-08-14 14:08:16,479,377,0,0,428,336,0,0,479,377,0,0,479,377,23,0,0,22,22,20,14,5,3,NULL,8,NULL,NULL,NULL,NULL,NULL
6746,6920,2019-08-01 18:20:12,2019-08-14 14:08:16,446,341,0,0,400,303,0,0,446,341,0,0,446,341,17,0,0,17,17,14,11,6,NULL,NULL,3,NULL,NULL,NULL,NULL,NULL
6745,6919,2019-08-01 18:20:12,2019-08-14 14:08:15,491,371,0,0,427,323,0,0,491,371,19,13,472,359,20,1,1,17,23,14,NULL,14,NULL,9,6,1,NULL,1,NULL,NULL
6744,6918,2019-08-01 18:20:11,2019-08-14 14:08:15,561,438,0,0,503,393,0,0,561,438,0,0,561,438,22,0,0,22,25,20,18,4,3,NULL,2,1,NULL,NULL,NULL,NULL
6743,6917,2019-08-01 18:20:11,2019-08-14 14:08:14,705,516,0,0,628,457,0,0,705,516,10,7,695,508,30,0,0,30,24,20,16,5,3,NULL,16,NULL,1,NULL,NULL,NULL
6742,6916,2019-08-01 18:20:11,2019-08-14 14:08:14,260,208,0,0,233,187,0,0,260,208,0,0,260,208,5,0,0,5,4,4,4,NULL,NULL,NULL,1,NULL,NULL,NULL,NULL,NULL
6741,6915,2019-08-01 18:20:10,2019-08-14 14:08:13,642,455,0,0,529,379,0,0,642,455,71,35,571,418,30,0,0,24,28,22,8,18,2,NULL,11,1,2,NULL,NULL,NULL
6740,6914,2019-08-01 18:20:10,2019-08-14 14:08:13,787,581,0,0,660,486,0,0,787,581,60,44,727,534,39,0,0,33,34,29,25,8,1,NULL,4,NULL,2,NULL,NULL,NULL
6739,6913,2019-08-01 18:20:09,2019-08-14 14:08:12,628,460,0,0,557,412,0,0,628,460,0,0,628,460,36,0,0,35,41,35,30,7,4,NULL,1,NULL,NULL,NULL,NULL,NULL
6738,6912,2019-08-01 18:20:09,2019-08-14 14:08:12,428,316,0,0,379,284,0,0,428,316,0,0,428,316,16,0,0,14,15,13,13,1,1,NULL,3,NULL,NULL,NULL,NULL,NULL
6737,6911,2019-08-01 18:20:08,2019-08-14 14:08:11,403,306,0,0,357,273,0,0,403,306,0,0,403,306,9,0,0,9,5,5,3,2,NULL,NULL,4,NULL,NULL,NULL,NULL,NULL
6736,6910,2019-08-01 18:20:08,2019-08-14 14:08:11,429,307,0,0,378,275,0,0,429,307,9,3,420,305,15,0,0,14,14,13,8,4,2,NULL,2,NULL,1,NULL,NULL,NULL
6735,6909,2019-08-01 18:20:08,2019-08-14 14:08:11,459,350,0,0,406,306,0,0,459,350,7,6,452,343,15,0,0,15,18,14,3,13,2,NULL,2,1,NULL,NULL,NULL,NULL
6734,6908,2019-08-01 18:20:07,2019-08-14 14:08:10,542,400,0,0,474,353,0,0,542,400,10,5,532,395,22,0,0,21,22,16,6,11,5,NULL,4,1,NULL,NULL,NULL,NULL
6733,6907,2019-08-01 18:20:07,2019-08-14 14:08:10,299,234,0,0,262,205,0,0,299,234,0,0,299,234,8,0,0,8,11,7,1,6,4,NULL,2,NULL,NULL,NULL,NULL,NULL
6732,6906,2019-08-01 18:20:07,2019-08-14 14:08:09,580,433,0,0,502,375,0,0,580,433,10,8,570,423,30,0,0,27,40,25,NULL,21,NULL,17,5,NULL,1,NULL,NULL,NULL
6731,6905,2019-08-01 18:20:06,2019-08-14 14:08:09,408,309,0,0,363,273,0,0,408,309,0,0,408,309,9,0,0,8,10,9,8,1,1,NULL,NULL,NULL,NULL,NULL,NULL,NULL
6730,6904,2019-08-01 18:20:06,2019-08-14 14:08:08,592,461,0,0,539,413,0,0,592,461,1,1,591,460,26,0,0,25,20,17,11,4,5,NULL,7,NULL,1,NULL,NULL,NULL
6729,6903,2019-08-01 18:20:05,2019-08-14 14:08:07,865,649,0,0,744,559,0,0,865,649,40,30,825,617,50,0,0,44,51,41,20,28,3,NULL,3,5,2,NULL,NULL,NULL
6728,6902,2019-08-01 18:20:05,2019-08-14 14:08:07,377,301,0,0,329,265,0,0,377,301,0,0,377,301,10,0,0,8,9,9,4,3,2,NULL,1,NULL,NULL,NULL,NULL,NULL
6727,6901,2019-08-01 18:20:05,2019-08-14 14:08:06,800,607,0,0,715,548,0,0,800,607,0,0,800,607,62,0,0,57,66,57,48,10,8,NULL,11,NULL,NULL,NULL,NULL,NULL
6726,6900,2019-08-01 18:20:04,2019-08-14 14:08:06,550,435,0,0,494,389,0,0,550,435,2,1,548,434,24,0,0,23,25,20,18,4,3,NULL,1,NULL,1,NULL,NULL,NULL
6725,6899,2019-08-01 18:20:04,2019-08-14 14:08:06,984,743,0,0,791,585,0,0,984,743,124,97,860,638,62,0,0,52,56,46,27,21,8,NULL,19,1,5,NULL,NULL,NULL
6724,6898,2019-08-01 18:20:03,2019-08-14 14:08:05,793,620,0,0,712,560,0,0,793,620,0,0,793,620,52,0,0,46,52,48,46,4,2,NULL,2,NULL,NULL,NULL,NULL,NULL
6723,6897,2019-08-01 18:20:03,2019-08-14 14:08:05,497,369,0,0,427,323,0,0,497,369,18,10,479,362,19,0,0,15,14,12,6,7,1,NULL,9,1,NULL,NULL,NULL,NULL
6722,6896,2019-08-01 18:20:03,2019-08-14 14:08:04,702,515,0,0,535,401,0,0,702,515,111,73,591,444,26,0,0,21,26,24,18,4,4,NULL,5,NULL,1,NULL,NULL,NULL
6721,6895,2019-08-01 18:20:02,2019-08-14 14:08:04,942,692,0,0,821,607,0,0,942,692,47,35,895,658,57,1,1,51,51,44,33,12,6,NULL,16,2,NULL,1,NULL,NULL
6720,6894,2019-08-01 18:20:02,2019-08-14 14:08:03,631,474,0,0,563,424,0,0,631,474,1,1,630,473,38,1,1,35,39,34,20,17,2,NULL,4,1,NULL,1,NULL,NULL
6719,6893,2019-08-01 18:20:01,2019-08-14 14:08:03,535,436,0,0,482,391,0,0,535,436,1,1,534,435,25,1,1,24,25,20,14,8,3,NULL,8,1,NULL,NULL,1,NULL
6718,6892,2019-08-01 18:20:01,2019-08-14 14:08:02,915,704,0,0,777,601,0,0,915,704,55,34,860,667,129,0,0,107,172,122,NULL,116,NULL,56,8,3,1,NULL,NULL,NULL
6717,6891,2019-08-01 18:20:01,2019-08-14 14:08:02,252,187,0,0,218,162,0,0,252,187,0,0,252,187,2,0,0,2,2,2,1,NULL,1,NULL,NULL,NULL,NULL,NULL,NULL,NULL
6716,6890,2019-08-01 18:20:00,2019-08-14 14:08:01,660,478,0,0,603,435,0,0,660,478,1,1,659,476,35,0,0,32,35,27,19,12,4,NULL,10,1,NULL,NULL,NULL,NULL
6715,6889,2019-08-01 18:20:00,2019-08-14 14:08:01,472,353,0,0,412,313,0,0,472,353,0,0,472,353,18,0,0,14,17,17,14,1,2,NULL,1,NULL,NULL,NULL,NULL,NULL
6714,6888,2019-08-01 18:19:59,2019-08-14 14:08:00,570,404,0,0,515,365,0,0,570,404,3,2,567,402,33,0,0,30,33,27,9,22,2,NULL,11,3,NULL,NULL,NULL,NULL
6713,6887,2019-08-01 18:19:59,2019-08-14 14:07:59,520,396,0,0,465,355,0,0,520,396,0,0,520,396,24,0,0,22,27,22,19,3,5,NULL,2,NULL,NULL,NULL,NULL,NULL
6712,6886,2019-08-01 18:19:59,2019-08-14 14:07:59,626,480,0,0,564,429,0,0,626,480,8,5,618,475,52,0,0,49,48,40,24,21,3,NULL,10,3,NULL,NULL,NULL,NULL
6711,6885,2019-08-01 18:19:58,2019-08-14 14:07:58,622,485,0,0,545,425,0,0,622,485,12,9,610,476,26,0,0,23,25,19,NULL,21,NULL,3,12,NULL,1,NULL,NULL,NULL
6710,6884,2019-08-01 18:19:58,2019-08-14 14:07:58,529,397,0,0,476,356,0,0,529,397,0,0,529,397,21,0,0,15,21,19,18,1,2,NULL,1,NULL,NULL,NULL,NULL,NULL
6709,6883,2019-08-01 18:19:57,2019-08-14 14:07:58,674,513,0,0,617,463,0,0,674,513,0,0,674,513,43,0,0,40,50,38,36,7,7,NULL,7,NULL,NULL,NULL,NULL,NULL
6708,6882,2019-08-01 18:19:57,2019-08-14 14:07:57,516,392,0,0,464,355,0,0,516,392,0,0,516,392,31,0,0,29,30,26,24,4,2,NULL,6,NULL,NULL,NULL,NULL,NULL
6707,6881,2019-08-01 18:19:56,2019-08-14 14:07:57,454,344,0,0,409,313,0,0,454,344,0,0,454,344,25,0,0,24,23,20,15,5,3,NULL,8,NULL,NULL,NULL,NULL,NULL
6706,6880,2019-08-01 18:19:56,2019-08-14 14:07:56,315,246,0,0,282,217,0,0,315,246,0,0,315,246,4,0,0,4,6,4,3,2,1,NULL,NULL,NULL,NULL,NULL,NULL,NULL
6705,6879,2019-08-01 18:19:56,2019-08-14 14:07:56,284,222,0,0,250,197,0,0,284,222,0,0,284,222,4,0,0,4,3,3,1,1,1,NULL,1,NULL,NULL,NULL,NULL,NULL
6704,6878,2019-08-01 18:19:55,2019-08-14 14:07:55,712,560,0,0,581,460,0,0,712,560,66,52,646,509,52,0,0,34,59,40,17,32,10,NULL,10,2,2,NULL,NULL,NULL
6703,6877,2019-08-01 18:19:55,2019-08-14 14:07:55,617,475,0,0,554,426,0,0,617,475,0,0,617,475,53,0,0,47,56,38,NULL,29,NULL,26,18,NULL,NULL,NULL,NULL,NULL
6702,6876,2019-08-01 18:19:55,2019-08-14 14:07:54,596,461,0,0,522,406,0,0,596,461,16,8,580,454,35,0,0,30,32,29,20,11,1,NULL,7,1,2,NULL,NULL,NULL
6701,6875,2019-08-01 18:19:54,2019-08-14 14:07:53,432,327,0,0,385,291,0,0,432,327,0,0,432,327,15,0,0,14,12,10,8,3,1,NULL,5,NULL,NULL,NULL,NULL,NULL
6700,6874,2019-08-01 18:19:54,2019-08-14 14:07:53,779,583,0,0,720,534,0,0,779,583,0,0,779,583,71,0,0,64,71,67,61,7,3,NULL,5,NULL,NULL,NULL,NULL,NULL
6699,6873,2019-08-01 18:19:54,2019-08-14 14:07:52,649,457,0,0,572,406,0,0,649,457,0,0,649,457,37,0,0,31,33,32,29,4,NULL,NULL,5,NULL,NULL,NULL,NULL,NULL
6698,6872,2019-08-01 18:19:53,2019-08-14 14:07:52,515,390,0,0,454,341,0,0,515,390,9,9,506,380,23,0,0,22,20,17,10,6,4,NULL,9,1,2,NULL,NULL,NULL
6697,6871,2019-08-01 18:19:53,2019-08-14 14:07:51,621,469,0,0,548,422,0,0,621,469,0,0,621,469,42,1,1,38,41,38,33,4,4,NULL,3,NULL,NULL,NULL,1,NULL
6696,6870,2019-08-01 18:19:52,2019-08-14 14:07:51,880,685,0,0,543,422,0,0,880,685,279,210,601,465,42,1,1,31,41,26,NULL,23,NULL,18,10,NULL,4,1,NULL,NULL
6695,6869,2019-08-01 18:19:52,2019-08-14 14:07:50,657,484,0,0,597,433,0,0,657,484,4,2,653,481,36,0,0,35,30,26,22,2,6,NULL,13,NULL,1,NULL,NULL,NULL
6694,6868,2019-08-01 18:19:51,2019-08-14 14:07:50,623,488,0,0,560,438,0,0,623,488,0,0,623,488,26,0,0,23,28,22,18,8,2,NULL,4,1,NULL,NULL,NULL,NULL
6693,6867,2019-08-01 18:19:51,2019-08-14 14:07:49,402,292,0,0,359,263,0,0,402,292,3,2,399,290,11,0,0,9,5,5,2,3,NULL,NULL,4,1,NULL,NULL,NULL,NULL
6692,6866,2019-08-01 18:19:51,2019-08-14 14:07:49,770,585,0,0,698,534,0,0,770,585,0,0,770,585,57,0,0,53,57,54,45,6,6,NULL,7,NULL,NULL,NULL,NULL,NULL
6691,6865,2019-08-01 18:19:50,2019-08-14 14:07:48,474,369,0,0,424,329,0,0,474,369,0,0,474,369,21,1,1,19,21,16,15,5,1,NULL,6,NULL,NULL,1,NULL,NULL
6690,6864,2019-08-01 18:19:50,2019-08-14 14:07:48,325,247,0,0,289,219,0,0,325,247,0,0,325,247,7,0,0,6,6,6,5,1,NULL,NULL,2,NULL,NULL,NULL,NULL,NULL
6689,6863,2019-08-01 18:19:49,2019-08-14 14:07:47,257,198,0,0,229,174,0,0,257,198,0,0,257,198,3,0,0,3,2,2,2,NULL,NULL,NULL,1,NULL,NULL,NULL,NULL,NULL
6688,6862,2019-08-01 18:19:49,2019-08-14 14:07:47,565,423,0,0,428,319,0,0,565,423,105,71,460,353,26,0,0,18,34,20,NULL,18,NULL,15,4,NULL,2,NULL,NULL,NULL
6687,6861,2019-08-01 18:19:49,2019-08-14 14:07:46,561,414,0,0,508,375,0,0,561,414,2,2,559,412,24,0,0,24,17,15,11,4,2,NULL,4,1,1,NULL,NULL,NULL
6686,6860,2019-08-01 18:19:48,2019-08-14 14:07:46,360,291,0,0,317,260,0,0,360,291,0,0,360,291,12,0,0,11,12,10,6,3,3,NULL,4,NULL,NULL,NULL,NULL,NULL
6685,6859,2019-08-01 18:19:48,2019-08-14 14:07:45,784,587,0,0,708,526,0,0,784,587,13,11,771,579,56,1,1,50,52,47,42,6,4,NULL,10,NULL,1,1,NULL,NULL
6684,6858,2019-08-01 18:19:47,2019-08-14 14:07:45,361,281,0,0,311,248,0,0,361,281,0,0,361,281,15,1,1,14,10,10,6,2,2,NULL,5,NULL,NULL,1,NULL,NULL
6683,6857,2019-08-01 18:19:47,2019-08-14 14:07:44,814,601,0,0,658,489,0,0,814,601,102,65,712,539,51,1,1,40,54,42,36,11,7,NULL,10,NULL,2,1,NULL,NULL
6682,6856,2019-08-01 18:19:47,2019-08-14 14:07:44,413,321,0,0,367,286,0,0,413,321,0,0,413,321,20,0,0,17,19,18,11,3,5,NULL,2,NULL,NULL,NULL,NULL,NULL
6681,6855,2019-08-01 18:19:46,2019-08-14 14:07:43,459,340,0,0,411,306,0,0,459,340,0,0,459,340,22,0,0,22,19,18,14,4,1,NULL,4,NULL,NULL,NULL,NULL,NULL
6680,6854,2019-08-01 18:19:46,2019-08-14 14:07:43,542,406,0,0,437,331,0,0,542,406,45,34,497,373,31,0,0,24,27,26,8,7,12,NULL,3,NULL,1,NULL,NULL,NULL
6679,6853,2019-08-01 18:19:45,2019-08-14 14:07:43,831,620,0,0,711,539,0,0,831,620,56,34,775,587,58,0,0,40,62,52,NULL,51,NULL,11,3,1,1,NULL,NULL,NULL
223,223,2019-07-02 16:35:35,2019-08-14 14:05:10,441,336,0,0,385,296,0,0,441,336,0,0,441,336,13,0,0,11,15,11,3,9,3,NULL,3,NULL,NULL,NULL,NULL,NULL
222,222,2019-07-02 16:35:34,2019-08-14 14:05:09,354,272,0,0,298,243,0,0,354,272,6,1,348,271,7,0,0,6,2,2,NULL,1,1,NULL,3,NULL,1,NULL,NULL,NULL
221,221,2019-07-02 16:35:34,2019-08-14 14:05:09,1690,1269,0,0,927,707,0,0,1690,1269,679,490,1011,775,144,0,0,76,123,88,NULL,67,56,NULL,25,NULL,7,NULL,NULL,NULL
220,220,2019-07-02 16:35:33,2019-08-14 14:05:08,363,287,0,0,320,258,0,0,363,287,0,0,363,287,10,0,0,9,4,3,NULL,2,2,NULL,7,NULL,NULL,NULL,NULL,NULL
219,219,2019-07-02 16:35:33,2019-08-14 14:05:08,595,463,0,0,534,418,0,0,595,463,0,0,595,463,38,0,0,36,41,35,29,7,5,NULL,6,NULL,NULL,NULL,NULL,NULL
218,218,2019-07-02 16:35:33,2019-08-14 14:05:07,444,349,0,0,383,313,0,0,444,349,0,0,444,349,18,0,0,16,10,9,NULL,5,5,NULL,6,NULL,NULL,NULL,NULL,NULL
217,217,2019-07-02 16:35:32,2019-08-14 14:05:07,441,348,0,0,386,310,0,0,441,348,0,0,441,348,15,0,0,15,11,11,6,1,4,NULL,4,NULL,NULL,NULL,NULL,NULL
216,216,2019-07-02 16:35:32,2019-08-14 14:05:06,434,333,0,0,382,298,0,0,434,333,0,0,434,333,21,0,0,19,28,19,NULL,19,9,NULL,5,NULL,NULL,NULL,NULL,NULL
215,215,2019-07-02 16:35:31,2019-08-14 14:05:06,600,446,0,0,531,402,0,0,600,446,12,9,590,439,24,0,0,19,18,15,NULL,15,NULL,3,12,3,NULL,NULL,NULL,NULL
214,214,2019-07-02 16:35:31,2019-08-14 14:05:05,617,470,0,0,503,395,0,0,617,470,44,24,573,443,25,0,0,22,21,18,7,8,6,NULL,11,NULL,1,NULL,NULL,NULL
213,213,2019-07-02 16:35:30,2019-08-14 14:05:05,624,478,0,0,567,438,0,0,624,478,0,0,624,478,30,0,0,28,27,20,NULL,19,8,NULL,8,1,NULL,NULL,NULL,NULL
212,212,2019-07-02 16:35:30,2019-08-14 14:05:04,297,215,0,0,248,188,0,0,297,215,0,0,297,215,6,0,0,5,4,3,3,NULL,1,NULL,3,NULL,NULL,NULL,NULL,NULL
211,211,2019-07-02 16:35:30,2019-08-14 14:05:04,379,293,0,0,337,261,0,0,379,293,2,2,377,292,13,0,0,12,12,8,3,6,3,NULL,7,NULL,1,NULL,NULL,NULL
210,210,2019-07-02 16:35:29,2019-08-14 14:05:03,504,387,0,0,438,346,0,0,504,387,0,0,504,387,31,0,0,27,34,28,27,4,3,NULL,4,NULL,NULL,NULL,NULL,NULL
209,209,2019-07-02 16:35:29,2019-08-14 14:05:03,481,377,0,0,422,336,0,0,481,377,0,0,481,377,27,0,0,26,29,24,9,17,3,NULL,3,NULL,NULL,NULL,NULL,NULL
208,208,2019-07-02 16:35:28,2019-08-14 14:05:02,580,434,0,0,509,386,0,0,580,434,9,8,571,428,21,0,0,16,14,14,3,8,3,NULL,7,2,NULL,NULL,NULL,NULL
207,207,2019-07-02 16:35:28,2019-08-14 14:05:02,612,433,0,0,549,386,0,0,612,433,3,3,609,429,47,0,0,40,62,44,NULL,39,23,NULL,3,3,NULL,NULL,NULL,NULL
206,206,2019-07-02 16:35:28,2019-08-14 14:05:01,294,228,0,0,245,199,0,0,294,228,0,0,294,228,7,0,0,5,4,3,4,NULL,NULL,NULL,4,NULL,NULL,NULL,NULL,NULL
205,205,2019-07-02 16:35:27,2019-08-14 14:05:01,491,372,0,0,436,335,0,0,491,372,1,1,490,371,38,0,0,31,33,25,NULL,19,NULL,14,14,2,NULL,NULL,NULL,NULL
