id,postId,createdAt,updatedAt,subscribersReach,totalReach,adsReach,viralReach,clicksToLink,clicksToGroup,joinsToGroup,reports,hidden,unsubscribed,likes,reposts,comments,views
984,1028,2019-08-01 13:49:58,2019-08-01 13:49:58,9619,11059,205,1235,549,9,1,0,6,0,15,1,15,12106
983,1027,2019-08-01 13:49:58,2019-08-01 13:49:58,24039,67822,149,43634,1559,92,7,1,7,0,289,2,38,73931
982,1026,2019-08-01 13:49:58,2019-08-01 13:49:58,11062,12094,219,1239,58,6,0,0,7,0,35,0,17,12262
981,1025,2019-08-01 13:49:58,2019-08-01 13:49:58,6855,8296,226,1215,166,6,0,0,8,0,8,0,0,8636
980,1024,2019-08-01 13:49:58,2019-08-01 13:49:58,10768,12239,251,1305,403,13,0,0,6,0,19,0,13,12139
979,1023,2019-08-01 13:49:58,2019-08-01 13:49:58,15070,16797,256,1471,606,18,0,0,6,0,81,1,24,17089
978,1022,2019-08-01 13:49:58,2019-08-01 13:49:58,16224,19930,259,3524,2,20,1,1,7,0,250,37,20,20939
977,1021,2019-08-01 13:49:58,2019-08-01 13:49:58,16822,25274,248,8204,1576,20,0,0,5,0,89,1,33,27668
976,1020,2019-08-01 13:49:58,2019-08-01 13:49:58,11144,33685,207,22334,0,24,8,0,8,2,126,7,6,33805
975,1019,2019-08-01 13:49:58,2019-08-01 13:49:58,9975,18787,190,8622,0,8,1,0,6,1,45,3,12,19521
974,1018,2019-08-01 13:49:58,2019-08-01 13:49:58,8728,9879,155,996,114,9,0,0,4,0,22,0,3,10185
973,1017,2019-08-01 13:49:58,2019-08-01 13:49:58,8827,10032,164,1041,164,5,0,0,4,0,32,1,2,10730
972,1016,2019-08-01 13:49:58,2019-08-01 13:49:58,15019,16025,164,1427,585,27,1,0,5,0,89,1,13,17326
971,1015,2019-08-01 13:49:58,2019-08-01 13:49:58,11170,12254,173,995,351,5,0,0,7,1,23,1,15,12813
970,1014,2019-08-01 13:49:58,2019-08-01 13:49:58,10133,11157,173,1166,0,2,0,0,4,0,33,0,6,11730
969,1013,2019-08-01 13:49:58,2019-08-01 13:49:58,7773,8703,155,931,429,15,0,0,3,0,35,1,0,9863
968,1012,2019-08-01 13:49:58,2019-08-01 13:49:58,12895,15238,164,2179,999,30,2,0,3,0,58,0,16,16500
967,1011,2019-08-01 13:49:58,2019-08-01 13:49:58,10190,10489,153,958,170,17,0,0,3,0,40,0,10,12378
966,1010,2019-08-01 13:49:58,2019-08-01 13:49:58,9986,11074,168,920,268,8,0,0,4,0,13,0,17,12105
965,1009,2019-08-01 13:49:58,2019-08-01 13:49:58,6670,7656,164,879,94,0,0,0,3,0,8,0,3,8787
964,1008,2019-08-01 13:49:58,2019-08-01 13:49:58,9015,9975,166,973,144,9,0,0,5,0,19,0,8,10418
963,1007,2019-08-01 13:49:58,2019-08-01 13:49:58,7175,7920,173,974,301,7,0,0,3,0,11,0,0,8830
962,1006,2019-08-01 13:49:58,2019-08-01 13:49:58,10103,19508,173,9232,4,24,1,0,5,0,34,1,33,21781
961,1005,2019-08-01 13:49:58,2019-08-01 13:49:58,11729,12822,153,940,238,8,0,0,6,0,51,1,19,13546
960,1004,2019-08-01 13:49:58,2019-08-01 13:49:58,12218,13489,153,1118,265,11,0,0,5,0,36,2,42,14095
959,1003,2019-08-01 13:49:58,2019-08-01 13:49:58,16117,18951,166,2668,772,36,1,0,6,0,132,3,64,20161
958,1002,2019-08-01 13:49:58,2019-08-01 13:49:58,11533,12171,162,937,549,12,0,0,6,0,13,0,61,13453
957,1001,2019-08-01 13:49:58,2019-08-01 13:49:58,8640,9703,170,981,49,3,0,0,6,1,4,0,7,9937
956,1000,2019-08-01 13:49:58,2019-08-01 13:49:58,7439,8591,173,1054,192,5,0,0,5,0,15,0,6,9449
955,999,2019-08-01 13:49:58,2019-08-01 13:49:58,7316,8528,173,1039,79,3,0,0,4,0,9,0,1,8958
954,998,2019-08-01 13:49:58,2019-08-01 13:49:58,8972,9588,137,957,116,12,0,0,5,0,48,1,0,11142
953,997,2019-08-01 13:49:58,2019-08-01 13:49:58,13218,13868,140,1143,423,12,0,0,6,0,69,1,15,15360
952,996,2019-08-01 13:49:58,2019-08-01 13:49:58,14161,14873,147,1166,463,12,0,0,5,0,40,0,72,16243
951,995,2019-08-01 13:49:58,2019-08-01 13:49:58,7527,8781,135,1119,181,6,0,0,5,0,13,1,1,9564
950,994,2019-08-01 13:49:58,2019-08-01 13:49:58,10436,11649,140,1288,228,3,0,0,8,0,19,1,19,13121
949,993,2019-08-01 13:49:58,2019-08-01 13:49:58,9566,10612,149,1193,186,6,0,0,7,0,25,0,13,10925
948,992,2019-08-01 13:49:58,2019-08-01 13:49:58,16880,20749,162,4460,576,45,0,0,4,0,168,4,30,22883
947,991,2019-08-01 13:49:58,2019-08-01 13:49:58,12333,13959,164,1462,517,9,0,0,5,0,35,2,34,14400
946,990,2019-08-01 13:49:58,2019-08-01 13:49:58,13009,22470,170,9765,7,18,1,0,6,0,191,9,23,26054
945,989,2019-08-01 13:49:58,2019-08-01 13:49:58,7977,9318,147,1194,105,7,0,0,5,0,33,0,1,10311
944,988,2019-08-01 13:49:58,2019-08-01 13:49:58,13038,13831,164,1244,321,12,0,0,5,0,54,0,10,14621
943,987,2019-08-01 13:49:58,2019-08-01 13:49:58,7102,8477,170,1205,241,7,0,0,5,0,9,0,4,9592
942,986,2019-08-01 13:49:58,2019-08-01 13:49:58,14067,15624,186,1498,304,19,0,0,6,0,78,1,9,16514
941,985,2019-08-01 13:49:58,2019-08-01 13:49:58,10693,12021,196,1461,223,17,0,0,6,0,50,1,12,13674
940,984,2019-08-01 13:49:58,2019-08-01 13:49:58,7672,8859,203,1383,270,14,0,0,4,0,11,0,12,10285
939,983,2019-08-01 13:49:58,2019-08-01 13:49:58,7099,8328,200,1361,122,4,0,0,4,0,17,0,2,9956
938,982,2019-08-01 13:49:58,2019-08-01 13:49:58,8921,10292,198,1539,2,5,1,0,3,0,36,0,7,11316
937,981,2019-08-01 13:49:58,2019-08-01 13:49:58,13357,14764,209,1423,7,11,0,0,3,0,82,3,2,15481
936,980,2019-08-01 13:49:58,2019-08-01 13:49:58,22986,30242,214,7042,3,31,1,0,12,0,594,69,36,32573
935,979,2019-08-01 13:49:58,2019-08-01 13:49:58,15393,17274,223,1688,109,9,0,0,4,0,32,1,23,17894
934,978,2019-08-01 13:49:58,2019-08-01 13:49:58,16599,18716,228,1889,2,12,0,0,5,0,6,0,37,18934
933,977,2019-08-01 13:49:58,2019-08-01 13:49:58,18854,20908,188,1866,735,26,0,0,4,1,95,2,26,22114
932,976,2019-08-01 13:49:58,2019-08-01 13:49:58,20417,51065,212,31369,3,58,11,0,8,2,425,40,16,55913
931,975,2019-08-01 13:49:58,2019-08-01 13:49:58,29177,45090,196,15717,1160,47,3,0,7,1,340,9,27,47870
930,974,2019-08-01 13:49:58,2019-08-01 13:49:58,16253,18230,214,1763,772,13,1,0,6,0,50,2,11,19354
929,973,2019-08-01 13:49:58,2019-08-01 13:49:58,11919,13745,179,1647,139,10,0,0,6,0,33,0,4,14198
928,972,2019-08-01 13:49:58,2019-08-01 13:49:58,23760,34763,203,10800,1046,92,5,0,6,0,114,1,46,36886
927,971,2019-08-01 13:49:58,2019-08-01 13:49:58,17245,42526,192,25089,4,32,5,0,8,0,138,9,6,44746
926,970,2019-08-01 13:49:58,2019-08-01 13:49:58,7243,8635,125,1356,17,1,0,0,4,0,21,0,1,9076
925,969,2019-08-01 13:49:58,2019-08-01 13:49:58,16182,33105,142,16781,1249,53,9,0,4,1,165,6,26,35484
924,968,2019-08-01 13:49:58,2019-08-01 13:49:58,11221,12753,147,1511,596,14,0,0,3,0,12,0,42,13219
923,967,2019-08-01 13:49:58,2019-08-01 13:49:58,12362,19175,214,6661,2796,64,3,0,4,0,49,2,16,24050
922,966,2019-08-01 13:49:58,2019-08-01 13:49:58,14678,35801,146,20977,672,39,4,0,3,0,106,3,47,38901
921,965,2019-08-01 13:49:58,2019-08-01 13:49:58,8300,9881,130,1451,46,4,0,0,6,0,15,0,20,10900
920,964,2019-08-01 13:49:58,2019-08-01 13:49:58,8755,10321,128,1438,89,7,0,0,6,0,17,0,3,10305
919,963,2019-08-01 13:49:58,2019-08-01 13:49:58,11923,13686,130,1832,0,7,0,0,4,0,184,0,14,14959
918,962,2019-08-01 13:49:58,2019-08-01 13:49:58,8304,9669,111,1254,106,6,0,0,4,0,27,0,5,10331
917,961,2019-08-01 13:49:58,2019-08-01 13:49:58,10963,12452,114,1375,203,8,0,0,6,0,29,1,22,12228
916,960,2019-08-01 13:49:58,2019-08-01 13:49:58,7186,8599,117,1296,67,2,0,0,6,0,17,0,4,8852
915,959,2019-08-01 13:49:58,2019-08-01 13:49:58,8509,9843,120,1430,282,5,0,0,5,0,8,0,13,11051
914,958,2019-08-01 13:49:58,2019-08-01 13:49:58,12878,14511,125,1508,254,25,0,0,4,0,69,2,16,15304
913,957,2019-08-01 13:49:58,2019-08-01 13:49:58,10175,11831,133,1523,475,10,1,0,8,0,14,0,5,11841
912,956,2019-08-01 13:49:58,2019-08-01 13:49:58,9596,11461,140,1725,85,11,1,0,5,0,37,0,6,11548
911,955,2019-08-01 13:49:58,2019-08-01 13:49:58,16812,70350,181,53357,12,105,22,0,7,1,351,26,56,81856
910,954,2019-08-01 13:49:58,2019-08-01 13:49:58,10625,12567,116,1826,355,9,0,0,4,0,33,1,15,12790
909,953,2019-08-01 13:49:58,2019-08-01 13:49:58,14113,15532,114,1533,628,7,0,0,4,0,97,2,34,16322
908,952,2019-08-01 13:49:58,2019-08-01 13:49:58,8584,9571,114,1250,112,6,0,0,5,0,28,1,12,10734
907,951,2019-08-01 13:49:58,2019-08-01 13:49:58,7012,8199,117,1283,149,12,1,0,3,0,10,0,3,8995
906,950,2019-08-01 13:49:58,2019-08-01 13:49:58,7366,8884,119,1399,117,7,0,0,4,0,9,0,3,9061
905,949,2019-08-01 13:49:58,2019-08-01 13:49:58,9924,11364,130,1310,238,10,0,0,2,0,43,0,5,11338
904,948,2019-08-01 13:49:58,2019-08-01 13:49:58,8607,10128,112,1409,125,14,0,0,4,0,30,0,3,10961
903,947,2019-08-01 13:49:58,2019-08-01 13:49:58,8183,9705,120,1499,1,3,0,0,4,0,36,2,9,10699
902,946,2019-08-01 13:49:58,2019-08-01 13:49:58,10834,11992,86,1072,423,11,1,0,3,0,29,0,20,12024
901,945,2019-08-01 13:49:58,2019-08-01 13:49:58,9453,10629,87,1089,166,9,1,0,4,0,39,0,6,10929
900,944,2019-08-01 13:49:58,2019-08-01 13:49:58,9697,11392,97,1598,558,7,0,0,4,0,17,3,15,11789
899,943,2019-08-01 13:49:58,2019-08-01 13:49:58,8114,9354,102,1138,140,7,0,0,5,0,15,0,8,9664
898,942,2019-08-01 13:49:58,2019-08-01 13:49:58,12907,14402,106,1389,76,9,0,0,3,0,14,0,31,13777
897,941,2019-08-01 13:49:58,2019-08-01 13:49:58,8668,10101,102,1367,233,4,0,0,2,0,15,1,23,10924
896,940,2019-08-01 13:49:58,2019-08-01 13:49:58,11483,13362,105,1872,585,11,1,0,4,0,37,1,70,14086
895,939,2019-08-01 13:49:58,2019-08-01 13:49:58,9442,10663,100,1416,308,18,0,0,5,0,34,0,7,11521
894,938,2019-08-01 13:49:58,2019-08-01 13:49:58,12906,14452,100,1781,694,11,0,0,6,0,42,4,38,15400
893,937,2019-08-01 13:49:58,2019-08-01 13:49:58,9098,13870,116,5003,2,10,0,0,3,0,22,1,13,14290
892,936,2019-08-01 13:49:58,2019-08-01 13:49:58,8341,10174,103,1730,246,7,0,0,6,0,7,0,29,10326
891,935,2019-08-01 13:49:58,2019-08-01 13:49:58,13602,16201,109,2490,248,13,0,0,3,0,70,1,23,16479
890,934,2019-08-01 13:49:58,2019-08-01 13:49:58,8723,10846,117,2006,160,6,0,1,3,0,29,0,7,12058
889,933,2019-08-01 13:49:58,2019-08-01 13:49:58,11353,26643,130,15160,2,25,3,0,3,0,120,2,22,29850
888,932,2019-08-01 13:49:58,2019-08-01 13:49:58,8641,10187,127,1419,311,9,0,0,4,0,14,0,11,10710
887,931,2019-08-01 13:49:58,2019-08-01 13:49:58,7396,9095,133,1566,200,6,0,0,3,0,6,0,1,9433
886,930,2019-08-01 13:49:58,2019-08-01 13:49:58,15978,23832,149,7705,1166,63,5,0,4,0,80,2,36,27102
885,929,2019-08-01 13:49:58,2019-08-01 13:49:58,13217,14979,119,1643,76,8,0,1,2,0,52,0,22,15194
884,928,2019-08-01 13:49:58,2019-08-01 13:49:58,8206,9869,120,1662,160,9,0,0,3,0,16,1,2,10710
883,927,2019-08-01 13:49:58,2019-08-01 13:49:58,8424,13377,120,4833,256,10,0,0,4,0,27,0,0,14813
882,926,2019-08-01 13:49:58,2019-08-01 13:49:58,20090,42767,140,22998,1114,63,3,0,4,0,79,0,105,47516
881,925,2019-08-01 13:49:58,2019-08-01 13:49:58,14440,16487,105,1942,1002,19,0,0,4,0,47,0,24,17935
880,924,2019-08-01 13:49:58,2019-08-01 13:49:58,7101,12099,108,4890,1,9,1,0,4,0,25,2,0,13352
879,923,2019-08-01 13:49:58,2019-08-01 13:49:58,33912,174124,133,140079,25,355,31,2,13,2,812,5,134,180365
878,922,2019-08-01 13:49:58,2019-08-01 13:49:58,18780,87273,139,68354,5,51,5,1,11,1,370,37,18,93103
877,921,2019-08-01 13:49:58,2019-08-01 13:49:58,9273,11705,102,3095,100,6,0,0,3,0,23,1,0,12627
876,920,2019-08-01 13:49:58,2019-08-01 13:49:58,9663,11081,96,1541,423,18,0,0,4,0,19,0,4,11738
875,919,2019-08-01 13:49:58,2019-08-01 13:49:58,9937,11147,97,1502,172,4,0,0,3,0,17,0,5,11810
874,918,2019-08-01 13:49:58,2019-08-01 13:49:58,15303,17045,108,1634,248,8,0,0,6,2,53,1,12,16481
873,917,2019-08-01 13:49:58,2019-08-01 13:49:58,13388,16039,105,2869,434,22,1,0,5,0,23,2,11,16967
872,916,2019-08-01 13:49:58,2019-08-01 13:49:58,12076,13524,103,1345,221,7,1,0,4,0,24,1,42,14217
871,915,2019-08-01 13:49:58,2019-08-01 13:49:58,17274,37530,112,20144,1,25,1,0,5,0,100,2,55,39928
870,914,2019-08-01 13:49:58,2019-08-01 13:49:58,11127,12425,105,1193,268,8,0,0,3,0,16,1,16,13424
869,913,2019-08-01 13:49:58,2019-08-01 13:49:58,18698,22869,109,4062,194,14,0,0,5,0,99,0,56,23871
868,912,2019-08-01 13:49:58,2019-08-01 13:49:58,10595,11702,114,1325,186,6,0,0,4,0,22,0,5,12193
867,911,2019-08-01 13:49:58,2019-08-01 13:49:58,14802,15620,112,1433,243,14,1,0,5,0,55,0,10,16317
866,910,2019-08-01 13:49:58,2019-08-01 13:49:58,17863,19190,132,1576,219,12,0,0,4,0,43,0,43,19514
865,909,2019-08-01 13:49:58,2019-08-01 13:49:58,17786,22292,119,5888,4,23,3,0,4,1,42,0,63,24998
864,908,2019-08-01 13:49:58,2019-08-01 13:49:58,10272,13944,125,3547,509,8,0,0,3,0,19,0,6,14791
863,907,2019-08-01 13:49:58,2019-08-01 13:49:58,12422,14617,116,2079,248,9,0,0,6,0,34,0,21,14840
862,906,2019-08-01 13:49:58,2019-08-01 13:49:58,14740,15860,116,1345,120,9,0,0,4,0,79,1,24,16556
861,905,2019-08-01 13:49:58,2019-08-01 13:49:58,9885,10982,111,1394,291,14,0,0,6,0,26,0,6,12634
860,904,2019-08-01 13:49:58,2019-08-01 13:49:58,15911,22879,117,7333,53,20,1,0,4,0,42,0,27,26621
859,903,2019-08-01 13:49:58,2019-08-01 13:49:58,17500,33839,120,17423,162,20,3,0,5,0,47,1,37,39112
858,902,2019-08-01 13:49:58,2019-08-01 13:49:58,10210,11325,117,1554,89,7,0,0,4,0,26,0,5,13425
857,901,2019-08-01 13:49:58,2019-08-01 13:49:58,16389,38912,130,22393,4,36,4,0,4,0,96,8,16,44486
856,900,2019-08-01 13:49:58,2019-08-01 13:49:58,11594,13221,117,1612,162,10,0,0,3,0,24,0,11,13642
855,899,2019-08-01 13:49:58,2019-08-01 13:49:58,12891,14626,122,1831,158,7,0,0,3,0,42,0,18,14265
854,898,2019-08-01 13:49:58,2019-08-01 13:49:58,17195,22267,128,4944,429,17,0,0,2,0,35,1,41,21693
853,897,2019-08-01 13:49:58,2019-08-01 13:49:58,10013,15916,133,5770,179,8,0,0,2,0,22,0,4,17339
852,896,2019-08-01 13:49:58,2019-08-01 13:49:58,8279,10871,125,3054,332,8,0,0,2,0,13,1,4,12219
851,895,2019-08-01 13:49:58,2019-08-01 13:49:58,21128,23562,137,3033,394,11,0,0,7,0,43,3,49,23337
850,894,2019-08-01 13:49:58,2019-08-01 13:49:58,24527,36083,155,11401,596,25,0,0,5,0,239,7,52,39520
849,893,2019-08-01 13:49:58,2019-08-01 13:49:58,16927,18540,153,1998,736,13,0,0,4,0,42,0,40,19193
848,892,2019-08-01 13:49:58,2019-08-01 13:49:58,13942,21966,155,8508,103,11,0,0,3,0,55,0,18,24791
847,891,2019-08-01 13:49:58,2019-08-01 13:49:58,10601,12335,140,1747,214,4,0,0,4,0,42,2,0,13372
846,890,2019-08-01 13:49:58,2019-08-01 13:49:58,19271,36436,166,16999,495,21,3,0,7,1,153,1,34,38367
845,889,2019-08-01 13:49:58,2019-08-01 13:49:58,15624,17147,155,2072,606,11,0,0,7,0,59,0,13,16996
844,888,2019-08-01 13:49:58,2019-08-01 13:49:58,8397,9967,151,1811,71,5,0,0,4,0,12,0,0,10396
843,887,2019-08-01 13:49:58,2019-08-01 13:49:58,20343,75282,226,54713,9,74,15,0,8,0,282,23,14,81854
842,886,2019-08-01 13:49:58,2019-08-01 13:49:58,8215,11433,172,3046,51,5,0,0,3,0,18,1,0,12647
841,885,2019-08-01 13:49:58,2019-08-01 13:49:58,17251,29794,212,12331,1620,94,3,0,4,1,88,0,78,31535
840,884,2019-08-01 13:49:58,2019-08-01 13:49:58,8805,10572,172,1595,160,8,0,0,4,0,16,1,4,11060
839,883,2019-08-01 13:49:58,2019-08-01 13:49:58,25763,51487,241,25483,670,54,6,0,11,0,319,7,112,56880
838,882,2019-08-01 13:49:58,2019-08-01 13:49:58,9381,12460,160,2919,254,3,0,0,7,0,21,0,4,12869
837,881,2019-08-01 13:49:58,2019-08-01 13:49:58,16033,18208,164,2011,540,12,0,0,5,0,52,3,72,19125
836,880,2019-08-01 13:49:58,2019-08-01 13:49:58,18022,20275,155,2098,3,14,0,0,4,0,268,15,15,21200
835,879,2019-08-01 13:49:58,2019-08-01 13:49:58,11194,13743,109,2595,475,19,1,0,6,1,65,1,23,14538
834,878,2019-08-01 13:49:58,2019-08-01 13:49:58,13518,15332,117,1697,558,18,0,0,6,1,54,0,19,15862
833,877,2019-08-01 13:49:58,2019-08-01 13:49:58,7049,8649,122,1598,130,6,0,0,6,0,14,0,1,9414
832,876,2019-08-01 13:49:58,2019-08-01 13:49:58,8559,12298,120,3732,116,9,0,0,6,0,35,0,3,13379
831,875,2019-08-01 13:49:58,2019-08-01 13:49:58,9141,10757,120,1496,106,6,0,0,6,0,20,1,4,11507
830,874,2019-08-01 13:49:58,2019-08-01 13:49:58,11933,13304,132,1277,108,7,0,0,7,0,64,1,14,14210
829,873,2019-08-01 13:49:58,2019-08-01 13:49:58,21986,38137,147,17351,509,31,1,0,5,1,233,4,45,41474
828,872,2019-08-01 13:49:58,2019-08-01 13:49:58,11823,13382,139,1420,5,7,0,0,5,0,151,4,3,15169
827,871,2019-08-01 13:49:58,2019-08-01 13:49:58,13968,17408,124,3316,328,14,0,0,5,0,52,3,41,18719
826,870,2019-08-01 13:49:58,2019-08-01 13:49:58,11769,13087,124,1437,645,12,1,0,5,0,60,1,23,14897
825,869,2019-08-01 13:49:58,2019-08-01 13:49:58,14052,16576,142,2864,902,19,0,0,5,0,64,0,43,19532
824,868,2019-08-01 13:49:58,2019-08-01 13:49:58,9422,11253,151,1730,389,14,1,0,5,1,39,3,6,12487
823,867,2019-08-01 13:49:58,2019-08-01 13:49:58,12230,13464,162,1843,156,9,0,0,7,0,118,0,7,15614
822,866,2019-08-01 13:49:58,2019-08-01 13:49:58,12606,14217,147,1464,642,11,0,0,4,0,65,2,8,15512
821,865,2019-08-01 13:49:58,2019-08-01 13:49:58,12706,14644,140,1798,1,9,0,0,8,0,148,6,6,14958
820,864,2019-08-01 13:49:58,2019-08-01 13:49:58,16183,19290,109,2998,233,13,0,0,3,0,146,2,11,18188
819,863,2019-08-01 13:49:58,2019-08-01 13:49:58,15068,18934,119,3747,403,9,0,0,7,0,36,1,36,18665
818,862,2019-08-01 13:49:58,2019-08-01 13:49:58,11435,14069,130,2713,74,13,1,0,7,0,40,1,19,14855
817,861,2019-08-01 13:49:58,2019-08-01 13:49:58,7387,9061,135,1539,270,8,0,0,5,0,25,0,2,9633
816,860,2019-08-01 13:49:58,2019-08-01 13:49:58,9638,11414,151,1625,332,11,0,0,5,0,46,0,10,12367
815,859,2019-08-01 13:49:58,2019-08-01 13:49:58,6545,8259,137,1577,102,7,0,0,4,0,31,0,2,9336
814,858,2019-08-01 13:49:58,2019-08-01 13:49:58,6992,8596,135,1469,127,7,0,0,6,0,25,0,1,9020
813,857,2019-08-01 13:49:58,2019-08-01 13:49:58,8811,14612,132,5936,1,4,0,0,5,0,57,4,9,16502
812,856,2019-08-01 13:49:58,2019-08-01 13:49:58,10934,12647,133,1580,207,5,0,0,5,0,27,0,11,12779
811,855,2019-08-01 13:49:58,2019-08-01 13:49:58,10012,11896,139,1745,102,7,0,0,6,0,55,0,3,12390
810,854,2019-08-01 13:49:58,2019-08-01 13:49:58,18633,43909,162,25114,1500,68,4,0,7,0,139,4,162,48481
809,853,2019-08-01 13:49:58,2019-08-01 13:49:58,19232,23538,156,5523,363,34,1,0,6,0,107,1,96,26620
808,852,2019-08-01 13:49:58,2019-08-01 13:49:58,9783,15767,173,5811,463,11,0,0,6,0,48,1,3,16886
807,851,2019-08-01 13:49:58,2019-08-01 13:49:58,11850,19527,179,8596,233,11,0,0,7,0,51,0,13,21972
806,850,2019-08-01 13:49:58,2019-08-01 13:49:58,13349,15069,137,1723,251,15,0,0,7,0,47,0,14,15856
805,849,2019-08-01 13:49:58,2019-08-01 13:49:58,20667,75105,175,54263,517,92,7,0,7,0,87,1,125,84114
804,848,2019-08-01 13:49:58,2019-08-01 13:49:58,13023,29191,160,16008,2,21,2,0,6,0,90,4,5,31556
803,847,2019-08-01 13:49:58,2019-08-01 13:49:58,13095,15476,149,2232,1,12,1,0,6,1,146,9,7,15306
802,846,2019-08-01 13:49:58,2019-08-01 13:49:58,14994,16892,146,1752,558,8,0,1,6,0,94,2,15,16248
801,845,2019-08-01 13:49:58,2019-08-01 13:49:58,12443,14296,144,1709,170,8,0,0,8,0,99,2,6,14982
800,844,2019-08-01 13:49:58,2019-08-01 13:49:58,12843,15141,151,2147,164,9,0,0,7,0,52,1,19,15577
799,843,2019-08-01 13:49:58,2019-08-01 13:49:58,10336,12120,153,1631,158,9,0,0,8,0,24,1,11,12070
798,842,2019-08-01 13:49:58,2019-08-01 13:49:58,14076,19083,162,4911,5,19,0,0,8,0,76,1,16,18605
797,841,2019-08-01 13:49:58,2019-08-01 13:49:58,7893,9270,153,1227,106,5,0,0,5,0,14,0,4,9428
796,840,2019-08-01 13:49:58,2019-08-01 13:49:58,18463,60225,133,43062,1639,83,7,0,4,1,131,6,41,65703
795,839,2019-08-01 13:49:58,2019-08-01 13:49:58,7124,8569,160,1285,132,6,0,0,4,0,20,1,1,9074
794,838,2019-08-01 13:49:58,2019-08-01 13:49:58,8381,9909,166,1362,355,6,1,0,5,0,29,0,1,10626
793,837,2019-08-01 13:49:58,2019-08-01 13:49:58,7591,9747,181,2173,119,8,0,0,3,0,16,0,0,10158
792,836,2019-08-01 13:49:58,2019-08-01 13:49:58,7099,8370,181,1337,83,5,0,0,4,0,9,0,0,8667
791,835,2019-08-01 13:49:58,2019-08-01 13:49:58,8616,10016,184,1454,153,23,0,0,4,0,8,0,25,10503
790,834,2019-08-01 13:49:58,2019-08-01 13:49:58,17218,19400,200,2228,883,39,0,0,6,0,78,2,32,19189
789,833,2019-08-01 13:49:58,2019-08-01 13:49:58,14615,19465,207,5506,216,24,0,0,5,0,70,0,17,20685
788,832,2019-08-01 13:49:58,2019-08-01 13:49:58,14075,37380,233,23072,2,21,2,0,6,0,181,4,3,40516
787,831,2019-08-01 13:49:58,2019-08-01 13:49:58,12402,15303,243,3261,184,15,0,0,6,0,60,1,32,16885
786,830,2019-08-01 13:49:58,2019-08-01 13:49:58,16954,21711,304,4453,729,18,1,0,5,0,95,2,64,23101
785,829,2019-08-01 13:49:58,2019-08-01 13:49:58,12631,16299,304,3364,567,18,0,0,4,0,34,0,38,16646
784,828,2019-08-01 13:49:58,2019-08-01 13:49:58,9656,11848,265,1927,259,21,1,0,6,0,50,0,13,12388
783,827,2019-08-01 13:49:58,2019-08-01 13:49:58,8453,10762,301,2008,175,8,0,0,6,0,19,0,3,10588
782,826,2019-08-01 13:49:58,2019-08-01 13:49:58,9085,10610,285,2002,371,14,0,0,8,1,33,1,7,12172
781,825,2019-08-01 13:49:58,2019-08-01 13:49:58,9178,11417,288,1951,135,8,0,0,6,1,32,0,3,11894
780,824,2019-08-01 13:49:58,2019-08-01 13:49:58,10512,15709,251,5616,53,11,0,0,4,2,14,0,9,17107
779,823,2019-08-01 13:49:58,2019-08-01 13:49:58,8559,10591,238,1794,173,8,1,0,4,0,16,0,6,11026
778,822,2019-08-01 13:49:58,2019-08-01 13:49:58,9407,14934,262,5265,517,35,0,0,4,0,34,1,7,16584
777,821,2019-08-01 13:49:58,2019-08-01 13:49:58,11846,14971,251,2874,576,25,0,0,4,0,35,0,13,15363
776,820,2019-08-01 13:49:58,2019-08-01 13:49:58,10725,12986,231,2030,558,15,0,0,4,0,33,3,23,13817
775,819,2019-08-01 13:49:58,2019-08-01 13:49:58,16547,18652,248,1857,359,22,1,0,7,0,46,0,52,18176
774,818,2019-08-01 13:49:58,2019-08-01 13:49:58,8337,10042,209,1623,288,12,0,0,5,0,36,1,7,11854
773,817,2019-08-01 13:49:58,2019-08-01 13:49:58,16995,54474,248,37231,1,19,0,0,5,0,248,5,43,57972
772,816,2019-08-01 13:49:58,2019-08-01 13:49:58,12021,14163,238,1904,186,9,0,0,5,0,41,5,12,15153
771,815,2019-08-01 13:49:58,2019-08-01 13:49:58,12742,20452,164,7546,156,20,2,0,5,0,35,1,39,22567
770,814,2019-08-01 13:49:58,2019-08-01 13:49:58,9737,12632,166,2729,259,5,0,0,4,0,35,0,7,12717
769,813,2019-08-01 13:49:58,2019-08-01 13:49:58,13074,14630,184,1372,233,10,0,0,4,0,45,0,50,14766
768,812,2019-08-01 13:49:58,2019-08-01 13:49:58,10444,13167,173,2550,339,11,0,0,6,0,38,1,17,13644
767,811,2019-08-01 13:49:58,2019-08-01 13:49:58,7735,9375,198,1442,314,12,0,0,4,0,19,1,0,10099
766,810,2019-08-01 13:49:58,2019-08-01 13:49:58,8298,10020,179,1543,102,10,0,0,4,0,31,0,2,10722
765,809,2019-08-01 13:49:58,2019-08-01 13:49:58,11102,12966,192,1672,99,13,0,0,6,0,64,5,13,13540
764,808,2019-08-01 13:49:58,2019-08-01 13:49:58,10175,12253,190,1888,389,11,0,0,7,0,44,0,18,12775
763,807,2019-08-01 13:49:58,2019-08-01 13:49:58,7630,9851,205,2016,291,10,0,0,5,0,41,4,5,11437
762,806,2019-08-01 13:49:58,2019-08-01 13:49:58,6918,10212,196,3098,78,5,0,0,4,0,14,0,2,11959
761,805,2019-08-01 13:49:58,2019-08-01 13:49:58,7942,11698,198,3558,0,4,0,0,6,0,20,1,2,13419
760,804,2019-08-01 13:49:58,2019-08-01 13:49:58,8460,11364,209,2772,0,8,0,0,6,0,21,0,3,12623
759,803,2019-08-01 13:49:58,2019-08-01 13:49:58,11392,13600,203,2070,228,9,0,0,7,0,48,1,22,14808
758,802,2019-08-01 13:49:58,2019-08-01 13:49:58,10929,13607,205,3229,301,18,0,0,5,0,30,0,29,14866
757,801,2019-08-01 13:49:58,2019-08-01 13:49:58,12402,14198,209,2036,192,4,0,0,8,1,60,2,8,15297
756,800,2019-08-01 13:49:58,2019-08-01 13:49:58,11778,14328,209,2341,641,10,0,0,6,0,55,1,26,14874
755,799,2019-08-01 13:49:58,2019-08-01 13:49:58,8673,11236,223,2340,216,12,0,0,7,0,41,0,4,12772
754,798,2019-08-01 13:49:58,2019-08-01 13:49:58,20926,28113,259,6928,439,26,1,0,8,0,146,7,38,30123
753,797,2019-08-01 13:49:58,2019-08-01 13:49:58,13246,16202,276,2680,279,12,0,0,9,0,55,1,16,16995
752,796,2019-08-01 13:49:58,2019-08-01 13:49:58,16003,42103,246,25854,2410,36,5,0,6,0,46,2,31,45625
751,795,2019-08-01 13:49:58,2019-08-01 13:49:58,12632,14809,265,2353,998,11,0,0,6,0,9,0,33,16332
750,794,2019-08-01 13:49:58,2019-08-01 13:49:58,14397,17224,216,2611,10,22,0,0,7,0,5,0,140,18148
749,793,2019-08-01 13:49:58,2019-08-01 13:49:58,8542,10775,186,2047,74,7,0,0,5,0,9,0,3,11476
748,792,2019-08-01 13:49:58,2019-08-01 13:49:58,8635,10632,184,1813,268,9,0,0,5,0,20,0,2,12118
747,791,2019-08-01 13:49:58,2019-08-01 13:49:58,15809,69353,262,53282,1,56,12,0,7,0,202,15,22,72813
746,790,2019-08-01 13:49:58,2019-08-01 13:49:58,16175,28222,207,11840,1432,57,3,0,5,2,116,4,73,31498
745,789,2019-08-01 13:49:58,2019-08-01 13:49:58,10145,12145,205,1795,133,10,0,0,5,0,25,1,3,12891
744,788,2019-08-01 13:49:58,2019-08-01 13:49:58,15220,22949,196,7539,509,57,6,0,6,0,123,1,19,26147
743,787,2019-08-01 13:49:58,2019-08-01 13:49:58,8165,10314,175,1974,336,4,0,0,7,2,11,0,1,11071
742,786,2019-08-01 13:49:58,2019-08-01 13:49:58,8791,13348,181,4376,285,5,0,0,3,0,26,1,6,14289
741,785,2019-08-01 13:49:58,2019-08-01 13:49:58,10828,33194,207,22159,1,14,0,0,5,1,57,3,9,32977
740,784,2019-08-01 13:49:58,2019-08-01 13:49:58,10676,14458,184,3598,175,9,0,0,5,0,31,0,19,14617
739,783,2019-08-01 13:49:58,2019-08-01 13:49:58,17209,47964,226,30529,336,27,0,0,5,1,290,8,29,54019
738,782,2019-08-01 13:49:58,2019-08-01 13:49:58,9531,12736,205,3000,308,12,0,0,6,0,30,1,11,13329
737,781,2019-08-01 13:49:58,2019-08-01 13:49:58,14961,22464,241,7262,451,20,0,0,5,0,94,3,36,23211
736,780,2019-08-01 13:49:58,2019-08-01 13:49:58,12907,16652,221,3524,153,11,0,0,4,0,37,2,43,17647
735,779,2019-08-01 13:49:58,2019-08-01 13:49:58,7047,9373,216,2110,109,7,0,0,4,0,19,1,2,10462
734,778,2019-08-01 13:49:58,2019-08-01 13:49:58,8190,10257,209,1858,166,3,0,0,5,0,16,0,7,11412
733,777,2019-08-01 13:49:58,2019-08-01 13:49:58,11775,19103,221,7107,3,11,1,0,5,0,58,0,8,20203
732,776,2019-08-01 13:49:58,2019-08-01 13:49:58,10824,12639,166,1649,223,5,0,0,6,0,47,0,7,11985
731,775,2019-08-01 13:49:58,2019-08-01 13:49:58,8285,10989,173,2603,328,5,0,0,5,1,9,1,6,10970
730,774,2019-08-01 13:49:58,2019-08-01 13:49:58,6851,9490,179,2460,135,4,0,0,5,0,20,0,1,10319
729,773,2019-08-01 13:49:58,2019-08-01 13:49:58,6426,8420,184,1810,57,6,0,0,7,0,8,1,1,8943
728,772,2019-08-01 13:49:58,2019-08-01 13:49:58,9667,11853,190,1996,243,15,0,0,7,0,31,0,21,12710
727,771,2019-08-01 13:49:58,2019-08-01 13:49:58,6615,8695,192,1888,256,12,0,0,9,0,16,0,1,9527
726,770,2019-08-01 13:49:58,2019-08-01 13:49:58,9700,11929,203,2066,276,26,0,0,8,0,18,0,20,12499
725,769,2019-08-01 13:49:58,2019-08-01 13:49:58,8906,15012,226,6415,1,8,0,0,7,0,61,2,4,17015
724,768,2019-08-01 13:49:58,2019-08-01 13:49:58,18902,27100,164,8034,228,23,1,0,6,0,218,10,32,27264
723,767,2019-08-01 13:49:58,2019-08-01 13:49:58,7335,8981,142,1504,59,4,0,0,6,0,22,0,2,9667
722,766,2019-08-01 13:49:58,2019-08-01 13:49:58,6415,8226,149,1662,339,4,0,0,5,0,13,1,3,8948
721,765,2019-08-01 13:49:58,2019-08-01 13:49:58,18586,21049,153,2440,336,9,0,0,7,0,45,4,76,19633
720,764,2019-08-01 13:49:58,2019-08-01 13:49:58,9535,13053,147,3371,363,14,1,0,6,0,61,3,7,14656
719,763,2019-08-01 13:49:58,2019-08-01 13:49:58,5918,7858,164,1887,205,8,0,0,6,0,12,0,2,9169
718,762,2019-08-01 13:49:58,2019-08-01 13:49:58,9549,11878,162,2167,4,11,1,0,7,0,51,0,6,12737
717,761,2019-08-01 13:49:58,2019-08-01 13:49:58,14078,23345,99,9168,1137,25,2,0,6,0,54,1,36,23625
716,760,2019-08-01 13:49:58,2019-08-01 13:49:58,9733,11481,127,1621,188,9,0,0,4,0,26,0,31,12090
715,759,2019-08-01 13:49:58,2019-08-01 13:49:58,7881,10406,125,2504,524,7,0,0,4,0,18,0,3,11264
714,758,2019-08-01 13:49:58,2019-08-01 13:49:58,10197,12932,135,2713,332,15,2,0,5,0,25,0,17,13606
713,757,2019-08-01 13:49:58,2019-08-01 13:49:58,7695,11053,151,3420,524,8,0,0,5,0,24,0,4,11724
712,756,2019-08-01 13:49:58,2019-08-01 13:49:58,6195,7990,158,1702,61,4,0,0,6,0,13,0,0,8732
711,755,2019-08-01 13:49:58,2019-08-01 13:49:58,9977,13645,155,4196,125,6,0,0,5,0,72,1,3,16178
710,754,2019-08-01 13:49:58,2019-08-01 13:49:58,10812,12965,175,1978,318,9,0,0,7,0,30,0,15,14592
709,753,2019-08-01 13:49:58,2019-08-01 13:49:58,10649,12670,177,2406,1,9,0,0,5,0,54,2,22,15043
708,752,2019-08-01 13:49:58,2019-08-01 13:49:58,17341,53090,270,35479,1935,42,1,0,7,0,122,5,28,64147
707,751,2019-08-01 13:49:58,2019-08-01 13:49:58,35992,140332,226,104114,558,93,10,0,6,2,272,6,94,143194
706,750,2019-08-01 13:49:58,2019-08-01 13:49:58,10033,11968,133,1876,251,5,0,0,8,0,24,2,8,13020
705,749,2019-08-01 13:49:58,2019-08-01 13:49:58,17082,19916,144,3518,736,23,0,0,5,0,82,0,28,20884
704,748,2019-08-01 13:49:58,2019-08-01 13:49:58,8996,10753,128,1629,144,9,0,0,6,0,27,0,1,10926
703,747,2019-08-01 13:49:58,2019-08-01 13:49:58,11846,18764,140,6833,4,11,2,0,6,0,45,0,15,19311
702,746,2019-08-01 13:49:58,2019-08-01 13:49:58,11553,13100,122,1540,6,22,0,0,4,0,11,0,50,13632
701,745,2019-08-01 13:49:58,2019-08-01 13:49:58,12200,13674,130,1608,219,12,0,0,5,0,46,1,4,14504
700,744,2019-08-01 13:49:58,2019-08-01 13:49:58,26320,37213,151,10742,945,90,4,0,8,1,140,0,173,37739
699,743,2019-08-01 13:49:58,2019-08-01 13:49:58,9284,11925,120,3040,75,6,0,0,5,0,31,0,10,13447
698,742,2019-08-01 13:49:58,2019-08-01 13:49:58,9283,10946,120,1543,56,0,0,0,8,0,19,0,16,11808
697,741,2019-08-01 13:49:58,2019-08-01 13:49:58,15894,17857,133,1830,332,24,0,0,4,0,114,1,14,18777
696,740,2019-08-01 13:49:58,2019-08-01 13:49:58,11714,13688,127,1995,200,9,0,0,4,0,34,6,11,14807
695,739,2019-08-01 13:49:58,2019-08-01 13:49:58,15261,16847,139,1708,3,11,0,0,7,0,82,1,24,16954
694,738,2019-08-01 13:49:58,2019-08-01 13:49:58,10455,11815,117,1742,103,20,1,0,3,1,35,0,16,13221
693,737,2019-08-01 13:49:58,2019-08-01 13:49:58,9360,12066,125,2785,160,4,0,0,3,0,13,0,4,12510
692,736,2019-08-01 13:49:58,2019-08-01 13:49:58,8445,10224,128,1651,241,6,0,0,7,1,19,0,2,10739
691,735,2019-08-01 13:49:58,2019-08-01 13:49:58,9760,12671,133,2778,832,13,0,0,4,0,14,0,15,12925
690,734,2019-08-01 13:49:58,2019-08-01 13:49:58,6420,8578,139,2019,359,6,0,0,5,0,7,1,6,9836
689,733,2019-08-01 13:49:58,2019-08-01 13:49:58,10081,12155,144,1930,164,7,0,0,4,0,40,1,1,12975
688,732,2019-08-01 13:49:58,2019-08-01 13:49:58,23915,29950,179,5856,694,19,1,0,6,0,264,9,56,31237
687,731,2019-08-01 13:49:58,2019-08-01 13:49:58,17036,25774,181,8557,3,26,2,0,4,0,74,2,23,26855
686,730,2019-08-01 13:49:58,2019-08-01 13:49:58,13009,15142,153,2197,398,4,0,0,3,0,88,2,15,15630
685,729,2019-08-01 13:49:58,2019-08-01 13:49:58,20296,26383,164,6407,321,18,0,0,4,1,17,1,255,27740
684,728,2019-08-01 13:49:58,2019-08-01 13:49:58,15147,17992,151,3357,413,7,0,0,4,0,55,1,41,19367
683,727,2019-08-01 13:49:58,2019-08-01 13:49:58,12722,15174,158,2294,132,12,0,0,8,0,32,0,25,15463
682,726,2019-08-01 13:49:58,2019-08-01 13:49:58,20297,23995,173,4165,318,14,0,0,5,0,211,5,7,23775
681,725,2019-08-01 13:49:58,2019-08-01 13:49:58,19735,25621,200,5686,976,41,0,0,5,0,184,3,48,27170
680,724,2019-08-01 13:49:58,2019-08-01 13:49:58,11792,13452,132,1628,367,15,0,0,6,0,65,0,12,13952
679,723,2019-08-01 13:49:58,2019-08-01 13:49:58,12418,15563,139,3211,173,12,1,0,6,0,37,1,48,16462
678,722,2019-08-01 13:49:58,2019-08-01 13:49:58,9581,12439,149,2709,359,7,0,0,5,0,29,2,21,13391
677,721,2019-08-01 13:49:58,2019-08-01 13:49:58,7911,11047,151,2985,142,7,0,0,4,0,18,0,4,11304
676,720,2019-08-01 13:49:58,2019-08-01 13:49:58,8989,10725,164,1764,177,10,0,0,4,0,59,0,9,12285
675,719,2019-08-01 13:49:58,2019-08-01 13:49:58,8304,11320,168,2979,122,9,0,0,4,0,22,0,0,11980
674,718,2019-08-01 13:49:58,2019-08-01 13:49:58,11871,13603,151,1791,181,11,0,0,4,0,18,0,29,14539
673,717,2019-08-01 13:49:58,2019-08-01 13:49:58,16520,19078,186,2937,524,46,1,0,5,1,140,2,13,20362
672,716,2019-08-01 13:49:58,2019-08-01 13:49:58,22288,71342,205,48849,2,36,1,0,7,0,527,24,27,84604
671,715,2019-08-01 13:49:58,2019-08-01 13:49:58,9560,10920,105,1255,139,7,0,0,5,0,35,0,10,11385
670,714,2019-08-01 13:49:58,2019-08-01 13:49:58,7500,10007,111,2396,184,6,0,0,7,0,34,0,2,11308
669,713,2019-08-01 13:49:58,2019-08-01 13:49:58,10090,11566,122,1354,380,5,0,0,7,0,32,0,19,11559
668,712,2019-08-01 13:49:58,2019-08-01 13:49:58,15569,22301,128,7399,495,22,0,0,5,0,52,2,49,24426
667,711,2019-08-01 13:49:58,2019-08-01 13:49:58,7218,10866,114,3567,380,7,0,0,5,0,15,0,8,11493
666,710,2019-08-01 13:49:58,2019-08-01 13:49:58,10552,13717,122,3144,238,7,0,0,6,0,51,1,9,14762
665,381,2019-08-01 13:49:58,2019-08-01 13:49:58,10240,11959,114,1605,103,9,0,0,7,0,64,2,0,13295
664,380,2019-08-01 13:49:58,2019-08-01 13:49:58,27950,106466,147,78369,3,128,29,0,7,1,543,18,85,112615
663,379,2019-08-01 13:49:58,2019-08-01 13:49:58,12354,15263,92,2898,128,8,0,0,6,1,70,1,30,16386
662,378,2019-08-01 13:49:58,2019-08-01 13:49:58,10265,11979,96,1618,298,2,0,0,4,0,33,1,7,12040
661,377,2019-08-01 13:49:58,2019-08-01 13:49:58,11176,12849,99,1574,251,13,0,0,5,0,21,1,11,13254
660,376,2019-08-01 13:49:58,2019-08-01 13:49:58,16205,42894,103,26586,1,14,0,0,5,0,220,7,7,45029
659,375,2019-08-01 13:49:58,2019-08-01 13:49:58,13736,15267,96,1435,463,10,0,0,3,0,37,0,30,14999
658,374,2019-08-01 13:49:58,2019-08-01 13:49:58,12752,16351,96,3690,398,12,0,0,5,0,58,1,19,16701
657,373,2019-08-01 13:49:58,2019-08-01 13:49:58,8289,9976,99,1588,146,5,0,0,5,0,27,0,0,10619
656,372,2019-08-01 13:49:58,2019-08-01 13:49:58,18418,26379,109,7852,695,57,1,0,5,0,195,4,17,27265
655,371,2019-08-01 13:49:58,2019-08-01 13:49:58,13643,18578,109,4826,308,13,1,0,3,0,33,2,41,18621
654,370,2019-08-01 13:49:58,2019-08-01 13:49:58,10962,21340,122,11062,2,10,0,0,5,0,73,6,7,24954
653,369,2019-08-01 13:49:58,2019-08-01 13:49:58,8798,12518,87,3634,743,15,2,0,4,0,35,3,20,13388
652,368,2019-08-01 13:49:58,2019-08-01 13:49:58,9927,11335,109,1578,85,3,0,0,4,0,17,0,25,12381
651,367,2019-08-01 13:49:58,2019-08-01 13:49:58,8675,10368,111,1582,207,9,0,0,3,0,26,0,11,11117
650,366,2019-08-01 13:49:58,2019-08-01 13:49:58,9808,11881,116,1959,826,13,0,0,6,0,41,0,0,11500
649,365,2019-08-01 13:49:58,2019-08-01 13:49:58,8576,10394,120,1698,162,11,0,0,5,0,21,0,7,9993
648,364,2019-08-01 13:49:58,2019-08-01 13:49:58,13349,15524,114,2061,359,6,0,0,7,0,47,0,18,15375
647,363,2019-08-01 13:49:58,2019-08-01 13:49:58,13805,21160,119,7236,4,22,1,1,5,0,65,7,20,23290
646,362,2019-08-01 13:49:58,2019-08-01 13:49:58,9756,12296,93,2676,125,9,0,0,4,0,61,1,3,12971
645,361,2019-08-01 13:49:58,2019-08-01 13:49:58,8908,9953,90,1430,463,4,0,0,3,0,31,0,5,11054
644,360,2019-08-01 13:49:58,2019-08-01 13:49:58,7925,9380,94,1361,155,9,0,0,3,0,29,1,4,9803
643,359,2019-08-01 13:49:58,2019-08-01 13:49:58,6466,7992,102,1424,221,1,0,0,4,0,9,0,3,9209
642,358,2019-08-01 13:49:58,2019-08-01 13:49:58,10211,12758,108,2439,188,8,0,0,3,0,14,0,25,13039
641,357,2019-08-01 13:49:58,2019-08-01 13:49:58,9841,11385,112,1584,190,4,0,0,5,0,10,1,12,11655
640,356,2019-08-01 13:49:58,2019-08-01 13:49:58,12197,14279,119,1977,429,14,0,0,6,0,121,0,7,16185
639,355,2019-08-01 13:49:58,2019-08-01 13:49:58,19492,22277,125,2961,3,15,0,0,8,0,158,5,58,23605
638,354,2019-08-01 13:49:58,2019-08-01 13:49:58,10016,14182,109,4057,1002,12,0,0,4,0,15,0,29,15334
637,353,2019-08-01 13:49:58,2019-08-01 13:49:58,7729,10096,117,2581,238,5,0,0,4,0,11,0,3,10630
636,352,2019-08-01 13:49:58,2019-08-01 13:49:58,10158,12803,124,2764,268,13,0,0,4,0,24,0,20,14156
635,351,2019-08-01 13:49:58,2019-08-01 13:49:58,11095,13010,133,1782,558,10,0,0,4,0,25,0,25,13320
634,350,2019-08-01 13:49:58,2019-08-01 13:49:58,6524,8425,144,1757,137,9,0,0,3,0,13,0,13,10025
633,349,2019-08-01 13:49:58,2019-08-01 13:49:58,20288,33641,170,13183,321,22,0,0,3,1,224,0,44,34886
632,348,2019-08-01 13:49:58,2019-08-01 13:49:58,17114,22571,162,6351,509,13,0,0,4,0,114,2,19,23643
631,347,2019-08-01 13:49:58,2019-08-01 13:49:58,13422,15661,170,2069,351,14,0,0,3,0,44,1,30,16435
630,346,2019-08-01 13:49:58,2019-08-01 13:49:58,12670,14851,168,2013,423,15,1,0,5,0,64,4,34,15067
629,345,2019-08-01 13:49:58,2019-08-01 13:49:58,10372,12321,179,2009,434,24,0,0,4,0,37,0,18,12986
628,344,2019-08-01 13:49:58,2019-08-01 13:49:58,8685,10784,184,1915,285,8,0,0,2,0,24,0,15,11519
627,343,2019-08-01 13:49:58,2019-08-01 13:49:58,9013,11176,194,1969,74,6,0,0,2,0,59,0,3,11935
626,342,2019-08-01 13:49:58,2019-08-01 13:49:58,9269,11614,212,2133,376,9,0,0,6,0,35,0,18,12857
625,341,2019-08-01 13:49:58,2019-08-01 13:49:58,7289,9550,216,2045,311,10,1,0,3,0,19,1,11,10902
624,340,2019-08-01 13:49:58,2019-08-01 13:49:58,6598,8900,246,2056,90,3,0,0,4,0,5,0,3,9775
623,339,2019-08-01 13:49:58,2019-08-01 13:49:58,22313,34865,270,12282,1315,76,4,0,2,0,250,11,45,41215
622,338,2019-08-01 13:49:58,2019-08-01 13:49:58,11333,16027,214,4480,3,10,0,0,2,0,57,1,14,17179
621,337,2019-08-01 13:49:58,2019-08-01 13:49:58,10299,12162,155,1708,172,8,0,0,3,0,25,0,0,11712
620,336,2019-08-01 13:49:58,2019-08-01 13:49:58,13118,15039,155,1839,385,11,0,0,3,0,50,0,20,15090
619,335,2019-08-01 13:49:58,2019-08-01 13:49:58,10441,12556,158,1957,647,10,0,0,3,0,24,2,12,12823
618,334,2019-08-01 13:49:58,2019-08-01 13:49:58,8735,10749,162,1899,188,6,0,0,4,0,30,1,7,11887
617,333,2019-08-01 13:49:58,2019-08-01 13:49:58,8649,10639,160,1830,336,8,0,0,3,0,18,0,2,11709
616,332,2019-08-01 13:49:58,2019-08-01 13:49:58,11712,14125,164,2249,524,21,0,0,5,1,49,1,13,15733
615,331,2019-08-01 13:49:58,2019-08-01 13:49:58,16896,19373,166,2647,332,21,2,0,7,0,95,2,18,20871
614,330,2019-06-21 12:32:30,2019-06-21 12:32:30,16810,18997,175,2504,5,13,0,0,3,0,162,7,23,20663
613,329,2019-06-21 12:32:30,2019-06-21 16:07:22,19827,29719,140,9752,558,29,3,0,6,0,134,2,24,30639
612,328,2019-06-21 12:32:30,2019-06-21 16:07:22,13732,18935,151,5052,488,14,0,0,4,0,45,0,18,20535
611,327,2019-06-21 12:32:30,2019-06-21 16:07:22,15799,19189,153,3237,666,14,0,0,4,0,38,0,33,20179
610,326,2019-06-21 12:32:30,2019-06-21 16:07:22,10995,15030,114,4091,96,5,0,0,3,0,47,0,4,15509
609,325,2019-06-21 12:32:27,2019-06-21 16:07:22,10614,12166,117,1880,158,7,0,0,5,0,23,1,3,12407
608,324,2019-06-21 12:32:27,2019-06-21 16:07:19,14774,27927,122,13031,1,10,0,0,4,0,196,4,6,29098
607,323,2019-06-21 12:32:27,2019-06-21 16:07:19,11365,13648,90,3024,495,15,0,0,5,0,22,0,18,14483
606,322,2019-06-21 12:32:27,2019-06-21 16:07:19,11358,13023,96,1569,268,18,0,0,4,0,34,0,13,13201
605,321,2019-06-21 12:32:27,2019-06-21 16:07:19,16275,21039,99,4665,439,35,3,0,5,0,69,0,20,20796
604,320,2019-06-21 12:32:27,2019-06-21 16:07:19,7784,11729,97,3848,343,4,0,0,4,0,15,0,2,12536
603,319,2019-06-21 12:32:27,2019-06-21 16:07:19,12935,16539,96,4393,132,7,0,0,6,1,25,1,28,16825
602,318,2019-06-21 12:32:27,2019-06-21 16:07:19,12099,14088,93,1923,105,15,0,0,5,0,35,0,16,14711
601,317,2019-06-21 12:32:27,2019-06-21 16:07:19,12833,47457,119,34505,0,18,5,0,5,1,143,9,3,47143
600,316,2019-06-21 12:32:24,2019-06-21 16:07:18,13762,37655,94,27489,585,34,1,0,5,0,47,0,18,42745
599,315,2019-06-21 12:32:24,2019-06-21 16:07:16,12969,14730,85,1688,130,8,0,0,5,1,52,0,28,15338
598,314,2019-06-21 12:32:24,2019-06-21 16:07:16,12887,14829,90,2644,158,10,0,0,5,0,31,0,10,15196
597,313,2019-06-21 12:32:24,2019-06-21 16:07:16,8871,10253,100,1804,205,8,0,0,6,0,18,0,5,10582
596,312,2019-06-21 12:32:24,2019-06-21 16:07:16,12401,14607,106,2691,71,5,0,0,4,0,15,0,35,15759
595,311,2019-06-21 12:32:24,2019-06-21 16:07:16,16474,18589,109,2314,576,25,0,0,3,0,67,0,10,18706
594,310,2019-06-21 12:32:24,2019-06-21 16:07:16,12712,14710,119,2117,209,12,0,0,3,0,34,0,11,15853
593,309,2019-06-21 12:32:24,2019-06-21 16:07:16,14525,17315,92,2698,188,9,0,0,5,0,79,1,12,19284
592,308,2019-06-21 12:32:24,2019-06-21 16:07:16,12626,16574,94,4727,243,12,0,0,5,0,50,1,13,18807
591,307,2019-06-21 12:32:22,2019-06-21 16:07:16,14270,16176,112,2143,151,11,1,0,5,0,47,0,13,18277
590,306,2019-06-21 12:32:22,2019-06-21 16:07:14,29435,98116,111,69347,203,78,6,0,8,1,277,4,116,105732
589,305,2019-06-21 12:32:22,2019-06-21 16:07:14,19700,28849,100,9049,457,15,0,0,6,0,122,0,18,29111
588,304,2019-06-21 12:32:21,2019-06-21 16:07:14,15349,18442,105,2988,301,10,1,0,8,0,36,1,26,19874
587,303,2019-06-21 12:32:21,2019-06-21 16:07:14,22929,34016,96,10991,238,17,1,0,6,0,86,2,48,33863
586,302,2019-06-21 12:32:21,2019-06-21 16:07:14,15938,18333,108,2287,256,6,0,0,6,0,50,1,40,19411
585,301,2019-06-21 12:32:21,2019-06-21 16:07:14,16018,18267,86,2163,192,14,0,0,7,0,50,1,11,18284
584,300,2019-06-21 12:32:21,2019-06-21 16:07:13,21032,33102,71,12438,606,35,1,0,7,0,171,0,57,33387
583,299,2019-06-21 12:32:21,2019-06-21 16:07:13,8813,11982,75,3227,256,8,0,0,8,1,33,0,6,12668
582,298,2019-06-21 12:32:18,2019-06-21 16:07:13,15165,17104,78,1861,119,13,0,0,6,0,89,3,8,17444
581,297,2019-06-21 12:32:18,2019-06-21 16:07:10,8405,9844,76,1450,25,5,0,0,5,0,24,0,0,10513
580,296,2019-06-21 12:32:18,2019-06-21 16:07:10,17028,44634,114,27492,4,31,3,0,10,1,216,10,25,45403
579,295,2019-06-21 12:32:18,2019-06-21 16:07:10,15243,20219,76,4900,325,19,0,0,8,1,57,0,16,20786
578,294,2019-06-21 12:32:18,2019-06-21 16:07:10,8733,11068,75,2591,184,7,0,0,4,0,20,0,9,12140
577,293,2019-06-21 12:32:18,2019-06-21 16:07:10,13083,16122,74,3691,160,8,0,0,5,0,53,0,13,17403
576,292,2019-06-21 12:32:18,2019-06-21 16:07:10,18842,46772,80,29832,879,63,3,0,5,0,71,6,205,49926
575,291,2019-06-21 12:32:18,2019-06-21 16:07:10,6524,7640,90,1173,394,6,0,0,6,1,28,1,0,9537
574,290,2019-06-21 12:32:18,2019-06-21 16:07:10,7752,10452,85,3177,451,12,0,0,4,0,28,2,2,12207
573,289,2019-06-21 12:32:15,2019-06-21 16:07:10,11578,51529,103,40358,1,18,1,0,7,0,151,3,4,48180
572,288,2019-06-21 12:32:15,2019-06-21 16:07:08,11144,13236,75,2017,142,14,0,0,4,0,30,0,4,13559
571,287,2019-06-21 12:32:15,2019-06-21 16:07:08,11039,12612,74,1499,648,14,0,0,5,0,28,0,30,13811
570,286,2019-06-21 12:32:15,2019-06-21 16:07:08,7464,8735,74,1197,238,8,0,0,4,0,27,0,4,9416
569,285,2019-06-21 12:32:15,2019-06-21 16:07:08,15822,18438,85,2531,106,13,0,0,6,0,109,2,14,18207
568,284,2019-06-21 12:32:15,2019-06-21 16:07:08,14089,15961,79,1908,413,21,1,0,5,0,85,0,16,16253
567,283,2019-06-21 12:32:15,2019-06-21 16:07:07,7240,9065,87,1738,339,3,0,0,5,1,16,2,2,10291
566,282,2019-06-21 12:32:15,2019-06-21 16:07:07,16566,39385,103,23040,288,23,0,0,5,0,75,4,54,40264
565,281,2019-06-21 12:32:15,2019-06-21 16:07:07,7213,9153,96,1844,3,7,0,0,7,0,20,0,5,10494
564,280,2019-06-21 12:32:12,2019-06-21 16:07:07,11077,12755,83,1595,241,8,0,0,4,0,63,1,12,14762
563,279,2019-06-21 12:32:12,2019-06-21 16:07:04,14256,16216,90,1870,445,15,0,0,7,0,46,0,62,16990
562,278,2019-06-21 12:32:12,2019-06-21 16:07:04,10392,12646,103,2151,758,12,0,0,5,0,44,2,12,14500
561,277,2019-06-21 12:32:12,2019-06-21 16:07:04,12456,15422,100,3212,838,9,0,0,6,0,38,0,12,16170
560,276,2019-06-21 12:32:12,2019-06-21 16:07:04,10141,12024,108,1775,668,8,0,0,5,0,37,0,8,13573
559,275,2019-06-21 12:32:12,2019-06-21 16:07:04,10202,12031,106,1723,188,8,0,0,5,0,47,1,6,13045
558,274,2019-06-21 12:32:12,2019-06-21 16:07:04,19682,52378,112,32584,351,20,2,0,6,0,131,0,17,53010
557,273,2019-06-21 12:32:12,2019-06-21 16:07:04,10379,13730,103,3248,288,9,0,0,5,0,34,1,0,13671
556,272,2019-06-21 12:32:12,2019-06-21 16:07:04,17495,24525,122,7617,715,14,0,0,5,0,81,0,16,24724
555,271,2019-06-21 12:32:09,2019-06-21 16:07:04,12867,15719,108,2744,119,9,1,0,3,0,36,0,11,15743
554,270,2019-06-21 12:32:09,2019-06-21 16:07:02,9043,10283,112,1686,111,12,0,0,3,0,17,0,4,10803
553,269,2019-06-21 12:32:09,2019-06-21 16:07:01,12836,15796,114,2846,200,4,0,0,5,0,39,0,13,15868
552,268,2019-06-21 12:32:09,2019-06-21 16:07:01,9736,13234,124,3525,68,10,0,0,5,0,17,0,1,13256
551,267,2019-06-21 12:32:09,2019-06-21 16:07:01,10908,13270,130,2232,127,9,0,0,4,0,15,0,7,13050
550,266,2019-06-21 12:32:09,2019-06-21 16:07:01,10041,12714,149,2524,142,10,0,0,4,0,46,3,2,13528
549,265,2019-06-21 12:32:09,2019-06-21 16:07:01,10515,12858,142,2201,45,10,0,0,8,1,28,0,8,13828
548,264,2019-06-21 12:32:09,2019-06-21 16:07:01,11798,13727,168,2453,398,12,0,0,4,0,22,0,6,14881
547,263,2019-06-21 12:32:09,2019-06-21 16:07:01,12362,14923,179,2709,200,12,0,0,4,0,37,0,4,15334
546,262,2019-06-21 12:32:07,2019-06-21 16:07:01,19567,53528,241,33720,596,52,4,0,6,0,143,2,8,57526
545,261,2019-06-21 12:32:07,2019-06-21 16:06:59,12099,14851,205,2547,276,13,0,0,5,0,34,0,19,15666
544,260,2019-06-21 12:32:06,2019-06-21 16:06:59,10540,12893,188,2165,147,8,0,0,8,0,36,2,4,12823
543,259,2019-06-21 12:32:06,2019-06-21 16:06:59,22011,30526,209,8306,567,31,0,0,7,0,251,12,20,29891
542,258,2019-06-21 12:32:06,2019-06-21 16:06:59,17127,52853,251,35475,168,17,0,0,6,0,159,3,34,58434
541,257,2019-06-21 12:32:06,2019-06-21 16:06:58,13584,31022,212,17226,144,11,0,0,8,0,108,1,1,33443
540,256,2019-06-21 12:32:06,2019-06-21 16:06:58,7568,12252,200,4513,259,10,1,0,7,0,14,0,4,13906
539,255,2019-06-21 12:32:06,2019-06-21 16:06:58,12178,17309,207,6108,304,18,0,0,7,0,43,1,4,18992
538,254,2019-06-21 12:32:06,2019-06-21 16:06:58,16284,58916,212,42420,558,39,4,0,7,0,169,9,33,67013
537,253,2019-06-21 12:32:03,2019-06-21 16:06:58,11963,15044,140,3079,125,8,0,0,6,0,51,3,17,15925
536,252,2019-06-21 12:32:03,2019-06-21 16:06:55,7472,8769,147,1585,219,11,0,0,6,0,8,0,0,9384
535,251,2019-06-21 12:32:03,2019-06-21 16:06:55,16538,20193,168,3487,413,41,1,0,6,0,123,2,23,20255
534,250,2019-06-21 12:32:03,2019-06-21 16:06:55,9495,11860,168,2599,56,4,0,0,8,0,34,2,7,13115
533,249,2019-06-21 12:32:03,2019-06-21 16:06:55,7809,9706,188,1767,58,4,0,0,6,0,19,0,5,10489
532,248,2019-06-21 12:32:03,2019-06-21 16:06:55,8595,12909,198,4116,164,10,0,0,6,0,24,0,8,13725
531,247,2019-06-21 12:32:03,2019-06-21 16:06:55,13144,14776,209,2019,343,23,1,0,5,0,23,0,23,16592
530,246,2019-06-21 12:32:03,2019-06-21 16:06:55,11386,12946,153,1407,120,6,0,0,6,0,13,0,15,13407
529,245,2019-06-21 12:32:03,2019-06-21 16:06:55,11347,13172,164,2250,332,13,0,0,6,0,23,0,14,14507
528,244,2019-06-21 12:32:00,2019-06-21 16:06:55,8173,9405,179,1508,241,8,0,0,7,0,11,1,3,9295
527,243,2019-06-21 12:32:00,2019-06-21 16:06:53,9280,10836,184,1623,325,9,0,0,8,0,16,0,10,11287
526,242,2019-06-21 12:32:00,2019-06-21 16:06:53,8064,9798,194,1540,85,8,0,0,6,0,22,0,2,10075
525,241,2019-06-21 12:32:00,2019-06-21 16:06:52,9270,11134,209,1699,209,11,0,0,8,0,29,1,0,10986
524,240,2019-06-21 12:32:00,2019-06-21 16:06:52,25461,85155,385,59391,314,43,5,0,6,0,199,3,40,88242
523,239,2019-06-21 12:32:00,2019-06-21 16:06:52,18019,868543,845483,5041,1326,43,1,1,7,0,717,19,37,840247
522,238,2019-06-21 12:32:00,2019-06-21 16:06:52,12535,15306,177,2674,418,13,0,0,6,1,32,3,34,16423
521,237,2019-06-21 12:32:00,2019-06-21 16:06:52,13661,15564,198,1826,540,11,0,0,5,0,34,1,29,15159
520,236,2019-06-21 12:32:00,2019-06-21 16:06:52,8186,10077,209,1837,576,6,0,0,4,0,23,0,1,11184
519,235,2019-06-21 12:31:57,2019-06-21 16:06:52,18164,27234,265,8805,684,25,0,0,5,0,85,0,28,28176
518,234,2019-06-21 12:31:57,2019-06-21 16:06:49,16421,24874,265,8442,328,22,0,0,6,0,51,2,42,26091
517,233,2019-06-21 12:31:57,2019-06-21 16:06:49,8706,11180,226,2364,301,9,0,0,7,0,15,0,0,11483
516,232,2019-06-21 12:31:57,2019-06-21 16:06:49,9201,14066,256,5515,251,13,1,0,4,0,25,0,7,15733
515,231,2019-06-21 12:31:57,2019-06-21 16:06:49,11719,14599,285,3141,325,11,0,0,5,0,16,0,11,15227
514,230,2019-06-21 12:31:57,2019-06-21 16:06:49,15946,49566,502,33192,359,29,0,0,7,1,20,0,35,47374
513,229,2019-06-21 12:31:57,2019-06-21 16:06:49,13974,16573,285,2804,238,11,0,0,6,1,40,1,5,16715
512,228,2019-06-21 12:31:57,2019-06-21 16:06:49,9984,13182,304,3819,756,9,0,0,6,0,21,1,12,14359
511,227,2019-06-21 12:31:57,2019-06-21 16:06:49,14207,16482,304,2669,144,12,0,0,6,0,41,1,19,17386
510,226,2019-06-21 12:31:54,2019-06-21 16:06:49,9894,12170,318,3076,908,13,0,0,8,0,18,2,5,14073
509,225,2019-06-21 12:31:54,2019-06-21 16:06:46,17477,23753,198,6148,241,18,0,0,5,0,96,2,27,23372
508,224,2019-06-21 12:31:54,2019-06-21 16:06:46,13757,17800,226,4427,270,15,0,0,5,0,38,3,15,18573
507,223,2019-06-21 12:31:54,2019-06-21 16:06:46,10794,17021,219,6008,576,17,0,0,4,0,20,1,13,18290
506,222,2019-06-21 12:31:54,2019-06-21 16:06:46,8891,10959,219,2086,285,9,0,0,5,1,18,0,0,12656
505,221,2019-06-21 12:31:54,2019-06-21 16:06:46,14742,37651,196,23109,482,22,1,0,4,0,56,0,11,38353
504,220,2019-06-21 12:31:54,2019-06-21 16:06:46,14091,15649,156,2739,3,9,0,0,9,1,46,0,35,17750
503,219,2019-06-21 12:31:54,2019-06-21 16:06:46,11759,13529,166,2294,1,11,0,0,4,0,20,1,18,14111
502,218,2019-06-21 12:31:54,2019-06-21 16:06:46,10475,12873,144,2254,2,10,0,0,8,1,30,1,9,13854
501,217,2019-06-21 12:31:51,2019-06-21 16:06:46,9164,11466,156,2347,186,12,1,1,7,0,14,1,23,13405
500,216,2019-06-21 12:31:51,2019-06-21 16:06:43,25929,52050,203,25918,179,26,1,0,6,2,281,24,4,53318
499,215,2019-06-21 12:31:51,2019-06-21 16:06:43,21608,38687,160,16919,721,52,0,0,6,0,132,0,36,37961
498,214,2019-06-21 12:31:51,2019-06-21 16:06:43,8247,8977,108,1327,38,5,0,0,4,0,40,1,4,9871
497,213,2019-06-21 12:31:51,2019-06-21 16:06:43,10731,13980,114,3135,1,11,0,1,6,0,52,0,10,14425
496,212,2019-06-21 12:31:51,2019-06-21 16:06:43,15770,21633,119,6250,576,38,1,0,6,1,66,2,20,23770
495,211,2019-06-21 12:31:51,2019-06-21 16:06:43,11560,15143,127,3456,10,15,1,0,5,0,38,2,9,15942
494,210,2019-06-21 12:31:51,2019-06-21 16:06:43,7735,9598,142,2414,4,7,0,0,7,0,19,1,0,10987
493,209,2019-06-21 12:31:51,2019-06-21 16:06:43,8116,9251,133,1549,15,13,0,0,3,0,26,1,10,9973
492,208,2019-06-21 12:31:48,2019-06-21 16:06:42,12950,14333,133,1431,85,11,0,0,3,0,33,1,24,15622
491,207,2019-06-21 12:31:48,2019-06-21 16:06:40,10710,12329,130,1537,3,9,0,0,3,0,31,0,15,12959
490,206,2019-06-21 12:31:48,2019-06-21 16:06:40,10957,12641,147,1662,142,11,0,0,3,0,48,2,2,14201
489,205,2019-06-21 12:31:48,2019-06-21 16:06:40,13551,15580,147,1882,2,13,0,0,4,0,37,2,35,16087
488,204,2019-06-21 12:31:48,2019-06-21 16:06:40,8614,9821,155,1353,12,10,0,0,3,0,20,0,26,11252
487,203,2019-06-21 12:31:48,2019-06-21 16:06:40,18565,27657,172,9803,4,17,0,0,7,0,69,1,58,31416
486,202,2019-06-21 12:31:48,2019-06-21 16:06:40,11718,14831,175,2956,2,12,0,0,4,0,39,3,20,15503
485,201,2019-06-21 12:31:48,2019-06-21 16:06:40,22023,38883,186,16878,540,49,2,1,6,0,84,3,63,40915
484,200,2019-06-21 12:31:48,2019-06-21 16:06:40,9137,11162,184,2087,2,9,0,0,4,0,18,3,18,11570
483,199,2019-06-21 12:31:45,2019-06-21 16:06:40,17527,19277,177,1981,1,10,0,0,5,0,129,1,27,20644
482,198,2019-06-21 12:31:45,2019-06-21 16:06:38,18935,29146,173,10038,190,45,3,0,6,0,83,3,26,30813
481,197,2019-06-21 12:31:45,2019-06-21 16:06:38,24378,31410,160,6872,4,25,1,0,4,0,277,5,14,29932
480,196,2019-06-21 12:31:45,2019-06-21 16:06:38,8492,9575,149,1461,2,3,0,0,4,0,33,3,1,10452
479,195,2019-06-21 12:31:45,2019-06-21 16:06:38,16551,25260,194,8515,367,40,5,0,5,0,76,4,27,27516
478,194,2019-06-21 12:31:45,2019-06-21 16:06:38,11227,13595,155,2387,2,11,0,0,4,0,39,3,7,15005
477,193,2019-06-21 12:31:45,2019-06-21 16:06:38,6897,7995,135,1204,11,7,0,0,4,0,18,3,5,8465
476,192,2019-06-21 12:31:45,2019-06-21 16:06:37,11191,12412,128,1180,140,11,0,0,5,0,43,0,6,11981
475,191,2019-06-21 12:31:45,2019-06-21 16:06:37,8182,10529,137,2603,2,9,0,1,6,0,13,0,27,12248
474,190,2019-06-21 12:31:42,2019-06-21 16:06:37,12860,15436,142,2610,288,12,0,0,3,1,47,2,29,16947
473,189,2019-06-21 12:31:42,2019-06-21 16:06:34,26274,320247,285491,8482,12,47,1,0,9,2,1072,52,75,328449
472,188,2019-06-21 12:31:42,2019-06-21 16:06:34,10982,13287,162,2143,3,10,0,0,5,1,65,1,4,13680
471,187,2019-06-21 12:31:42,2019-06-21 16:06:34,14791,21585,168,6626,830,20,1,1,4,1,77,2,9,22272
470,186,2019-06-21 12:31:42,2019-06-21 16:06:34,6845,8571,158,1568,9,11,0,0,4,0,17,0,3,9201
469,185,2019-06-21 12:31:42,2019-06-21 16:06:34,18532,21663,186,2945,7,23,0,2,10,1,107,5,43,22641
468,184,2019-06-21 12:31:41,2019-06-21 16:06:34,20968,28866,196,7709,236,21,0,0,6,0,114,2,23,28258
467,183,2019-06-21 12:31:41,2019-06-21 16:06:34,11543,14509,124,2842,4,12,0,0,3,1,33,1,25,15694
466,182,2019-06-21 12:31:41,2019-06-21 16:06:34,13348,19497,146,7135,2,13,0,0,4,0,192,16,22,21403
465,181,2019-06-21 12:31:39,2019-06-21 16:06:33,15522,21075,162,6571,233,21,1,0,4,0,104,1,17,23767
464,180,2019-06-21 12:31:39,2019-06-21 16:06:31,15341,20830,168,5321,18,23,0,0,4,2,174,3,12,23331
463,179,2019-06-21 12:31:39,2019-06-21 16:06:31,6509,7540,153,1367,114,11,0,0,3,0,13,1,0,8555
462,178,2019-06-21 12:31:39,2019-06-21 16:06:31,6594,7628,114,1336,4,9,0,0,6,0,14,2,6,8336
461,177,2019-06-21 12:31:39,2019-06-21 16:06:31,7368,8738,128,1380,57,10,2,0,4,0,19,4,8,9438
460,176,2019-06-21 12:31:39,2019-06-21 16:06:31,6798,8225,130,1297,140,10,0,0,4,0,15,0,0,8623
459,175,2019-06-21 12:31:39,2019-07-12 15:00:48,7904,9012,133,1087,238,14,0,0,4,0,19,0,5,9386
458,174,2019-06-21 12:31:39,2019-07-12 15:00:48,5107,6153,140,1089,22,7,1,0,3,0,25,1,5,6969
457,173,2019-06-21 12:31:39,2019-07-12 15:00:48,11503,12911,153,1255,9,17,0,0,5,0,18,0,43,14080
