id,topicId,createdAt,updatedAt,comments,complaints,contentOpens,engagement,feedback,feedbackTotal,hidesFromFeed,likes,linkClicks,musicPlays,negatives,promoFrom,promoTo,reach,reachEarned,reachOwn,renderings,renderingsEarned,renderingsOwn,reshares,videoPlays,viewsCount
5885,5884,2019-09-24 09:53:13,2019-09-24 09:53:13,0,0,59,8,0,0,2,0,5,0,2,NULL,NULL,578,291,287,1641,1050,591,0,0,1
5884,5883,2019-09-24 09:53:13,2019-09-24 09:53:13,0,0,57,9,1,1,4,1,6,0,4,NULL,NULL,627,298,329,1731,1067,664,0,0,1
5883,5882,2019-09-24 09:53:13,2019-09-24 09:53:13,0,0,56,7,3,3,4,3,1,0,4,NULL,NULL,651,281,370,1799,1067,732,0,0,1
5882,5881,2019-09-24 09:53:13,2019-09-24 09:53:13,0,0,47,15,4,4,5,4,5,0,5,NULL,NULL,659,289,370,1758,1004,754,0,0,1
5881,5880,2019-09-24 09:53:13,2019-09-24 09:53:13,0,0,60,6,1,1,3,1,3,0,3,NULL,NULL,571,262,309,1638,1032,606,0,0,1
5880,5879,2019-09-24 09:53:13,2019-09-24 09:53:13,0,0,66,10,0,0,3,0,2,0,3,NULL,NULL,607,273,334,1693,1036,657,0,0,1
5879,5878,2019-09-24 09:53:13,2019-09-24 09:53:13,0,0,49,7,2,3,5,3,2,0,5,NULL,NULL,616,261,355,1607,957,650,0,0,1
5878,5877,2019-09-24 09:53:13,2019-09-24 09:53:13,0,0,47,9,1,1,4,1,5,0,4,NULL,NULL,564,265,299,1496,954,542,0,0,1
5877,5876,2019-09-24 09:53:13,2019-09-24 09:53:13,0,0,35,5,1,1,3,1,2,0,3,NULL,NULL,533,208,325,1382,822,560,0,0,1
5876,5875,2019-09-24 09:53:12,2019-09-24 09:53:12,0,0,27,13,2,2,2,2,3,0,2,NULL,NULL,402,174,228,1140,722,418,0,0,1
5875,5874,2019-09-24 09:53:12,2019-09-24 09:53:12,0,0,20,6,0,0,2,0,2,0,2,NULL,NULL,413,167,246,1183,713,470,0,0,1
5874,5873,2019-09-24 09:53:12,2019-09-24 09:53:12,0,0,32,9,3,3,3,3,3,0,3,NULL,NULL,460,194,266,1252,768,484,0,0,1
5873,5872,2019-09-24 09:53:12,2019-09-24 09:53:12,0,0,32,6,0,0,2,0,4,0,2,NULL,NULL,445,180,265,1247,756,491,0,0,1
5872,5871,2019-09-24 09:53:12,2019-09-24 09:53:12,0,0,29,13,4,4,3,4,0,0,3,NULL,NULL,522,200,322,1342,772,570,0,7,1
5871,5870,2019-09-24 09:53:12,2019-09-24 09:53:12,0,0,13,14,1,1,4,1,9,0,4,NULL,NULL,443,200,243,1158,711,447,0,0,2
5870,5869,2019-09-24 09:53:12,2019-09-24 09:53:12,0,0,14,12,3,3,4,3,4,0,4,NULL,NULL,527,210,317,1352,761,591,0,0,1
5869,5868,2019-09-24 09:53:12,2019-09-24 09:53:12,0,0,33,3,0,0,4,0,1,0,4,NULL,NULL,462,217,245,1206,772,434,0,0,1
5868,5867,2019-09-24 09:53:12,2019-09-24 09:53:12,0,0,33,11,0,0,5,0,10,0,5,NULL,NULL,486,217,269,1274,788,486,0,0,1
5867,5866,2019-09-24 09:53:12,2019-09-24 09:53:12,0,0,45,7,1,1,4,1,4,0,4,NULL,NULL,486,218,268,1273,802,471,0,0,1
5866,5865,2019-09-24 09:53:12,2019-09-24 09:53:12,0,0,45,9,1,1,4,1,5,0,4,NULL,NULL,463,216,247,1310,857,453,0,0,1
5865,5864,2019-09-24 09:53:12,2019-09-24 09:53:12,0,0,40,7,0,0,3,0,0,0,3,NULL,NULL,502,222,280,1342,863,479,0,6,1
5864,5863,2019-09-24 09:53:12,2019-09-24 09:53:12,0,0,22,1,0,0,3,0,0,0,3,NULL,NULL,442,215,227,1231,801,430,0,0,1
5863,5862,2019-09-24 09:53:12,2019-09-24 09:53:12,0,0,22,5,0,0,3,0,4,0,3,NULL,NULL,470,224,246,1269,800,469,0,0,1
5862,5861,2019-09-24 09:53:12,2019-09-24 09:53:12,0,0,31,12,2,2,4,2,3,0,4,NULL,NULL,468,233,235,1272,833,439,0,0,1
5861,5860,2019-09-24 09:53:12,2019-09-24 09:53:12,0,0,22,4,0,0,3,0,2,0,3,NULL,NULL,487,231,256,1316,840,476,0,0,1
5860,5859,2019-09-24 09:53:12,2019-09-24 09:53:12,0,0,25,10,2,2,3,2,4,0,3,NULL,NULL,517,243,274,1340,870,470,0,0,1
5859,5858,2019-09-24 09:53:12,2019-09-24 09:53:12,0,0,36,5,0,0,3,0,4,0,3,NULL,NULL,487,233,254,1336,887,449,0,0,1
5858,5857,2019-09-24 09:53:12,2019-09-24 09:53:12,0,0,39,7,3,3,2,3,0,0,2,NULL,NULL,527,251,276,1416,911,505,0,0,1
5857,5856,2019-09-24 09:53:12,2019-09-24 09:53:12,0,0,32,4,1,1,3,1,0,0,3,NULL,NULL,566,253,313,1475,919,556,0,2,1
5856,5855,2019-09-24 09:53:12,2019-09-24 09:53:12,0,0,14,6,1,1,2,1,5,0,2,NULL,NULL,489,230,259,1354,872,482,0,0,1
5855,5854,2019-09-24 09:53:11,2019-09-24 09:53:11,0,0,33,7,0,0,2,0,3,0,2,NULL,NULL,463,223,240,1338,888,450,0,0,1
5854,5853,2019-09-24 09:53:11,2019-09-24 09:53:11,0,0,29,6,1,1,2,1,3,0,2,NULL,NULL,497,228,269,1379,894,485,0,0,1
5853,5852,2019-09-24 09:53:11,2019-09-24 09:53:11,0,0,32,11,2,2,2,2,7,0,2,NULL,NULL,542,241,301,1485,910,575,0,0,1
5852,5851,2019-09-24 09:53:11,2019-09-24 09:53:11,0,0,89,12,1,1,2,1,6,0,2,NULL,NULL,489,234,255,1465,961,504,0,0,1
5851,5850,2019-09-24 09:53:11,2019-09-24 09:53:11,0,0,84,8,0,0,3,0,4,0,3,NULL,NULL,550,260,290,1559,1014,545,0,0,1
5850,5849,2019-09-24 09:53:11,2019-09-24 09:53:11,0,0,56,3,1,1,3,1,1,0,3,NULL,NULL,495,245,250,1439,942,497,0,0,1
5849,5848,2019-09-24 09:53:11,2019-09-24 09:53:11,0,0,73,5,1,1,3,1,1,0,3,NULL,NULL,533,246,287,1505,960,545,0,0,1
5848,5847,2019-09-24 09:53:11,2019-09-24 09:53:11,0,0,73,10,0,0,3,0,5,0,3,NULL,NULL,532,266,266,1487,1013,474,0,0,1
5847,5846,2019-09-24 09:53:11,2019-09-24 09:53:11,0,0,73,8,0,0,3,0,2,0,3,NULL,NULL,538,262,276,1562,1015,547,0,0,1
5846,5845,2019-09-24 09:53:11,2019-09-24 09:53:11,0,0,47,4,0,0,3,0,0,0,3,NULL,NULL,517,265,252,1499,953,546,0,0,1
5845,5844,2019-09-24 09:53:11,2019-09-24 09:53:11,0,0,44,4,0,0,3,0,1,0,3,NULL,NULL,505,263,242,1442,946,496,0,0,1
5844,5843,2019-09-24 09:53:11,2019-09-24 09:53:11,0,0,66,2,0,0,3,0,0,0,3,NULL,NULL,571,278,293,1555,983,572,0,0,1
5843,5842,2019-09-24 09:53:11,2019-09-24 09:53:11,0,0,67,8,0,0,3,0,3,0,3,NULL,NULL,543,279,264,1545,1000,545,0,0,1
5842,5841,2019-09-24 09:53:11,2019-09-24 09:53:11,0,0,62,7,1,1,2,1,4,0,2,NULL,NULL,585,305,280,1581,1004,577,0,0,1
5841,5840,2019-09-24 09:53:11,2019-09-24 09:53:11,0,0,42,4,0,0,4,0,0,0,4,NULL,NULL,566,263,303,1449,879,570,0,0,1
5840,5839,2019-09-24 09:53:11,2019-09-24 09:53:11,0,0,40,8,0,0,2,0,3,0,2,NULL,NULL,542,262,280,1427,900,527,0,0,1
5839,5838,2019-09-24 09:53:11,2019-09-24 09:53:11,1,0,47,11,1,1,4,0,3,0,4,NULL,NULL,578,261,317,1521,888,633,0,0,1
5838,5837,2019-09-24 09:53:11,2019-09-24 09:53:11,0,0,39,15,3,3,3,3,9,0,3,NULL,NULL,575,241,334,1422,830,592,0,0,1
5837,5836,2019-09-24 09:53:11,2019-09-24 09:53:11,0,0,37,9,0,0,3,0,3,0,3,NULL,NULL,517,231,286,1334,813,521,0,0,1
5836,5835,2019-09-24 09:53:11,2019-09-24 09:53:11,0,0,28,9,2,2,2,2,4,0,2,NULL,NULL,481,196,285,1230,724,506,0,0,1
5835,5834,2019-09-24 09:53:11,2019-09-24 09:53:11,0,0,35,14,3,3,2,3,6,0,2,NULL,NULL,490,207,283,1332,781,551,0,0,4
5834,5833,2019-09-24 09:53:10,2019-09-24 09:53:10,0,0,31,9,2,2,2,2,3,0,2,NULL,NULL,474,224,250,1257,794,463,0,0,1
5833,5832,2019-09-24 09:53:10,2019-09-24 09:53:10,0,0,28,8,0,0,3,0,3,0,3,NULL,NULL,520,274,246,1290,859,431,0,0,1
5832,5831,2019-09-24 09:53:10,2019-09-24 09:53:10,0,0,27,11,0,0,3,0,6,0,3,NULL,NULL,532,276,256,1374,897,477,0,0,1
5831,5830,2019-09-24 09:53:10,2019-09-24 09:53:10,0,0,38,9,1,1,3,1,4,0,3,NULL,NULL,540,263,277,1401,883,518,0,0,1
5830,5829,2019-09-24 09:53:10,2019-09-24 09:53:10,0,0,19,9,3,3,3,3,4,0,3,NULL,NULL,518,246,272,1321,826,495,0,0,1
5829,5828,2019-09-24 09:53:10,2019-09-24 09:53:10,0,0,15,2,0,0,2,0,0,0,2,NULL,NULL,508,263,245,1290,833,457,0,0,1
5828,5827,2019-09-24 09:53:10,2019-09-24 09:53:10,0,0,17,6,0,0,2,0,3,0,2,NULL,NULL,559,265,294,1405,858,547,0,0,1
5827,5826,2019-09-24 09:53:10,2019-09-24 09:53:10,0,0,16,5,0,0,2,0,4,0,2,NULL,NULL,527,271,256,1335,862,473,0,0,1
5826,5825,2019-09-24 09:53:10,2019-09-24 09:53:10,0,0,30,5,1,1,2,1,2,0,2,NULL,NULL,589,286,303,1504,979,525,0,0,1
5825,5824,2019-09-24 09:53:10,2019-09-24 09:53:10,0,0,29,7,1,1,2,1,2,0,2,NULL,NULL,645,306,339,1628,1025,603,0,0,1
5824,5823,2019-09-24 09:53:10,2019-09-24 09:53:10,0,0,26,5,0,0,2,0,4,0,2,NULL,NULL,590,293,297,1566,1027,539,0,0,1
5823,5822,2019-09-24 09:53:10,2019-09-24 09:53:10,0,0,12,3,0,0,4,0,0,0,4,NULL,NULL,542,282,260,1416,951,465,0,0,1
5822,5821,2019-09-24 09:53:10,2019-09-24 09:53:10,0,0,12,6,0,0,3,0,3,0,3,NULL,NULL,542,292,250,1511,1025,486,0,0,1
5821,5820,2019-09-24 09:53:10,2019-09-24 09:53:10,0,0,11,4,0,0,3,0,1,0,3,NULL,NULL,561,304,257,1709,1204,505,0,0,1
5820,5819,2019-09-24 09:53:10,2019-09-24 09:53:10,0,0,62,8,0,0,2,0,3,0,2,NULL,NULL,576,313,263,1779,1257,522,0,0,1
5819,5818,2019-09-24 09:53:10,2019-09-24 09:53:10,0,0,73,4,0,0,3,0,2,0,3,NULL,NULL,580,314,266,1822,1281,541,0,0,1
5818,5817,2019-09-24 09:53:10,2019-09-24 09:53:10,0,0,76,8,1,1,4,1,3,0,4,NULL,NULL,643,334,309,1996,1416,580,0,0,1
5817,5816,2019-09-24 09:53:10,2019-09-24 09:53:10,0,0,72,10,3,3,3,3,5,0,3,NULL,NULL,729,355,374,2348,1621,727,0,0,1
5816,5815,2019-09-24 09:53:10,2019-09-24 09:53:10,0,0,73,10,0,0,3,0,6,0,3,NULL,NULL,678,353,325,2224,1608,616,0,0,1
5815,5814,2019-09-24 09:53:10,2019-09-24 09:53:10,0,0,51,11,2,2,2,1,5,0,2,NULL,NULL,598,317,281,2209,1649,560,1,0,1
5814,5813,2019-09-24 09:53:10,2019-09-24 09:53:10,0,0,53,11,1,1,2,1,5,0,2,NULL,NULL,621,319,302,2271,1649,622,0,0,1
5813,5812,2019-09-24 09:53:10,2019-09-24 09:53:10,0,0,60,16,1,1,2,1,9,0,2,NULL,NULL,599,318,281,2298,1688,610,0,0,1
5812,5811,2019-09-24 09:53:10,2019-09-24 09:53:10,0,0,50,12,2,2,2,2,7,0,2,NULL,NULL,682,344,338,2445,1773,672,0,0,1
5811,5810,2019-09-24 09:53:09,2019-09-24 09:53:09,0,0,45,9,1,1,2,0,5,0,2,NULL,NULL,705,363,342,2543,1824,719,1,0,1
5810,5809,2019-09-24 09:53:09,2019-09-24 09:53:09,0,0,61,13,1,0,4,0,5,0,4,NULL,NULL,734,361,373,2585,1856,729,0,0,1
5809,5808,2019-09-24 09:53:09,2019-09-24 09:53:09,0,0,54,12,0,0,3,0,10,0,3,NULL,NULL,711,366,345,2502,1833,669,0,0,1
5808,5807,2019-09-24 09:53:09,2019-09-24 09:53:09,0,0,38,6,0,0,2,0,1,0,2,NULL,NULL,657,349,308,2438,1770,668,0,0,1
5807,5806,2019-09-24 09:53:09,2019-09-24 09:53:09,0,0,33,9,1,1,2,1,6,0,2,NULL,NULL,721,369,352,2538,1835,703,0,0,1
5806,5805,2019-09-24 09:53:09,2019-09-24 09:53:09,0,0,35,4,1,1,2,1,0,0,2,NULL,NULL,668,371,297,2496,1830,666,0,0,1
5805,5804,2019-09-24 09:53:09,2019-09-24 09:53:09,1,0,55,19,1,1,2,0,11,0,2,NULL,NULL,734,394,340,2709,1970,739,0,0,1
5804,5803,2019-09-24 09:53:09,2019-09-24 09:53:09,0,0,45,7,1,1,2,1,3,0,2,NULL,NULL,746,399,347,2720,1981,739,0,0,1
5803,5802,2019-09-24 09:53:09,2019-09-24 09:53:09,0,0,47,16,0,0,2,0,12,0,2,NULL,NULL,795,391,404,2885,2000,885,0,0,1
5802,5801,2019-09-24 09:53:09,2019-09-24 09:53:09,0,0,35,8,1,1,3,1,3,0,3,NULL,NULL,668,341,327,2611,1982,629,0,0,1
5801,5800,2019-09-24 09:53:09,2019-09-24 09:53:09,0,0,34,9,1,1,3,1,3,0,3,NULL,NULL,744,349,395,2891,2018,873,0,0,1
5800,5799,2019-09-24 09:53:09,2019-09-24 09:53:09,0,0,130,13,0,0,4,0,8,0,4,NULL,NULL,732,353,379,2908,2132,776,0,0,1
5799,5798,2019-09-24 09:53:09,2019-09-24 09:53:09,0,1,129,9,1,1,5,1,2,0,6,NULL,NULL,740,364,376,2901,2131,770,0,0,1
5798,5797,2019-09-24 09:53:09,2019-09-24 09:53:09,0,0,139,10,3,3,3,3,3,0,3,NULL,NULL,732,325,407,2875,2091,784,0,0,1
5797,5796,2019-09-24 09:53:09,2019-09-24 09:53:09,0,0,86,11,3,3,2,3,2,0,2,NULL,NULL,537,260,277,2438,1900,538,0,0,1
5796,5795,2019-09-24 09:53:09,2019-09-24 09:53:09,0,0,87,15,1,1,2,0,5,0,2,NULL,NULL,568,263,305,2572,2014,558,1,0,1
5795,5794,2019-09-24 09:53:09,2019-09-24 09:53:09,1,0,101,18,4,5,2,4,3,0,2,NULL,NULL,589,267,322,2688,2055,633,0,0,1
5794,5793,2019-09-24 09:53:09,2019-09-24 09:53:09,0,0,85,16,4,4,3,4,9,0,3,NULL,NULL,634,268,366,2759,2004,755,0,0,1
5793,5792,2019-09-24 09:53:09,2019-09-24 09:53:09,0,0,86,10,1,1,2,1,3,0,2,NULL,NULL,575,244,331,2638,1999,639,0,0,1
5792,5791,2019-09-24 09:53:09,2019-09-24 09:53:09,0,0,91,21,3,3,1,3,7,0,1,NULL,NULL,592,252,340,2777,2039,738,0,0,1
5791,5790,2019-09-24 09:53:08,2019-09-24 09:53:08,0,0,86,19,0,0,4,0,10,0,4,NULL,NULL,589,265,324,2761,2061,700,0,0,1
5790,5789,2019-09-24 09:53:08,2019-09-24 09:53:08,0,0,54,10,1,1,3,1,4,0,3,NULL,NULL,507,222,285,2470,1903,567,0,0,1
5789,5788,2019-09-24 09:53:08,2019-09-24 09:53:08,0,0,51,12,0,0,2,0,7,0,2,NULL,NULL,512,215,297,2457,1904,553,0,0,1
5788,5787,2019-09-24 09:53:08,2019-09-24 09:53:08,0,0,74,7,0,0,3,0,3,0,3,NULL,NULL,543,227,316,2636,2022,614,0,0,1
5787,5786,2019-09-24 09:53:08,2019-09-24 09:53:08,0,0,70,4,1,1,2,1,1,0,2,NULL,NULL,589,251,338,2682,2037,645,0,0,1
5786,5785,2019-09-24 09:53:08,2019-09-24 09:53:08,0,0,69,6,0,0,1,0,4,0,1,NULL,NULL,552,249,303,2685,2057,628,0,0,1
5785,5784,2019-09-24 09:53:08,2019-09-24 09:53:08,0,0,52,11,7,7,4,7,0,0,4,NULL,NULL,599,246,353,2576,1864,712,0,6,1
5784,5783,2019-09-24 09:53:08,2019-09-24 09:53:08,0,0,55,8,3,3,3,3,4,0,3,NULL,NULL,612,274,338,2526,1893,633,0,0,1
5783,5782,2019-09-24 09:53:08,2019-09-24 09:53:08,0,0,55,12,7,7,3,5,3,0,3,NULL,NULL,732,355,377,2929,2200,729,2,0,1
5782,5781,2019-09-24 09:53:08,2019-09-24 09:53:08,0,0,60,32,7,7,3,7,0,0,3,NULL,NULL,666,278,388,2520,1803,717,0,11,1
5781,5780,2019-09-24 09:53:08,2019-09-24 09:53:08,0,0,12,7,2,2,4,1,4,0,4,NULL,NULL,510,240,270,2169,1645,524,1,0,1
5780,5779,2019-09-24 09:53:08,2019-09-24 09:53:08,0,0,23,5,2,2,2,1,1,0,2,NULL,NULL,523,245,278,2201,1653,548,1,0,2
5779,5778,2019-09-24 09:53:08,2019-09-24 09:53:08,0,0,9,4,1,1,4,1,2,0,4,NULL,NULL,561,272,289,2320,1791,529,0,0,1
5778,5777,2019-09-24 09:53:08,2019-09-24 09:53:08,0,0,25,14,2,2,4,2,1,0,4,NULL,NULL,1431,567,864,3680,2087,1593,0,0,1
5777,5776,2019-09-24 09:53:08,2019-09-24 09:53:08,0,0,42,45,4,4,9,4,0,0,9,NULL,NULL,17451,16016,1435,20946,18001,2945,0,0,1
5776,5775,2019-09-24 09:53:08,2019-09-24 09:53:08,0,1,48,26,8,8,7,7,0,0,8,NULL,NULL,2332,1442,890,5009,3291,1718,1,0,1
5775,5774,2019-09-24 09:53:08,2019-09-24 09:53:08,0,0,56,38,14,13,8,11,0,0,8,NULL,NULL,2195,823,1372,5179,2627,2552,2,0,1
5774,5773,2019-09-24 09:53:08,2019-09-24 09:53:08,0,0,33,9,2,2,5,2,0,0,5,NULL,NULL,1687,691,996,4148,2338,1810,0,0,1
5773,5772,2019-09-24 09:53:08,2019-09-24 09:53:08,0,0,74,33,3,3,4,3,5,0,4,NULL,NULL,1774,765,1009,4117,2333,1784,0,0,1
5772,5771,2019-09-24 09:53:08,2019-09-24 09:53:08,0,0,52,17,11,11,5,10,0,0,5,NULL,NULL,2097,751,1346,4742,2365,2377,1,0,1
5771,5770,2019-09-24 09:53:08,2019-09-24 09:53:08,0,0,47,12,5,5,6,5,0,0,6,NULL,NULL,1627,571,1056,4023,2187,1836,0,0,1
5770,5769,2019-09-24 09:53:08,2019-09-24 09:53:08,0,0,23,6,0,0,2,0,0,0,2,NULL,NULL,573,265,308,2351,1781,570,0,0,1
5769,5768,2019-09-24 09:53:07,2019-09-24 09:53:07,1,0,50,54,22,24,5,20,0,0,5,NULL,NULL,2804,1428,1376,5673,3114,2559,3,7,3818
5768,5767,2019-09-24 09:53:07,2019-09-24 09:53:07,0,0,31,20,6,6,3,6,3,0,3,NULL,NULL,1584,710,874,4019,2357,1662,0,0,1
5767,5766,2019-09-24 09:53:07,2019-09-24 09:53:07,1,0,77,45,8,8,6,7,0,0,6,NULL,NULL,2044,592,1452,4879,2346,2533,0,0,1
5766,5765,2019-09-24 09:53:07,2019-09-24 09:53:07,1,0,60,25,2,2,5,1,0,0,5,NULL,NULL,1672,700,972,3880,2248,1632,0,0,1
5765,5764,2019-09-24 09:53:07,2019-09-24 09:53:07,0,0,14,7,1,1,2,1,1,0,2,NULL,NULL,478,257,221,2211,1694,517,0,0,1
5764,5763,2019-09-24 09:53:07,2019-09-24 09:53:07,0,0,9,6,0,0,2,0,3,0,2,NULL,NULL,520,269,251,2227,1711,516,0,0,1
5763,5762,2019-09-24 09:53:07,2019-09-24 09:53:07,0,0,61,42,2,1,5,1,7,0,5,NULL,NULL,1435,645,790,3816,2237,1579,0,0,1
5762,5761,2019-09-24 09:53:07,2019-09-24 09:53:07,0,0,18,13,3,3,6,3,2,0,6,NULL,NULL,1515,522,993,3866,2067,1799,0,0,1
5761,5760,2019-09-24 09:53:07,2019-09-24 09:53:07,1,0,49,35,2,2,3,1,0,0,3,NULL,NULL,1456,532,924,3895,2087,1808,0,0,1
4545,4544,2019-09-24 09:51:45,2019-09-24 09:51:45,1,0,13,13,3,3,3,2,7,0,3,NULL,NULL,486,203,283,1365,778,587,0,0,1
4544,4543,2019-09-24 09:51:45,2019-09-24 09:51:45,0,0,18,10,1,1,3,1,2,0,3,NULL,NULL,434,197,237,1249,775,474,0,0,1
4543,4542,2019-09-24 09:51:45,2019-09-24 09:51:45,0,0,23,6,2,2,2,2,0,0,2,NULL,NULL,451,191,260,1303,794,509,0,0,1
4542,4541,2019-09-24 09:51:45,2019-09-24 09:51:45,0,0,19,5,2,2,2,2,0,0,2,NULL,NULL,428,196,232,1294,808,486,0,0,1
4541,4540,2019-09-24 09:51:45,2019-09-24 09:51:45,0,0,18,7,1,1,2,1,3,0,2,NULL,NULL,448,197,251,1305,813,492,0,0,1
4540,4539,2019-09-24 09:51:45,2019-09-24 09:51:45,0,0,20,12,2,2,2,2,4,0,2,NULL,NULL,435,192,243,1326,819,507,0,0,1
4539,4538,2019-09-24 09:51:45,2019-09-24 09:51:45,0,0,42,25,13,14,1,12,0,0,1,NULL,NULL,649,245,404,1843,935,908,2,10,1
4538,4537,2019-09-24 09:51:45,2019-09-24 09:51:45,0,0,42,31,4,5,1,4,15,0,1,NULL,NULL,476,224,252,1393,835,558,1,0,1
4537,4536,2019-09-24 09:51:45,2019-09-24 09:51:45,0,0,31,20,7,7,1,6,0,0,1,NULL,NULL,532,192,340,1441,767,674,1,10,1
4536,4535,2019-09-24 09:51:45,2019-09-24 09:51:45,0,0,34,26,10,10,1,10,0,0,1,NULL,NULL,587,217,370,1576,846,730,0,12,1
4535,4534,2019-09-24 09:51:45,2019-09-24 09:51:45,0,0,26,12,1,1,2,1,6,0,2,NULL,NULL,395,163,232,1159,700,459,0,0,1
4534,4533,2019-09-24 09:51:45,2019-09-24 09:51:45,0,0,27,10,1,1,2,1,2,0,2,NULL,NULL,405,164,241,1202,709,493,0,0,1
4533,4532,2019-09-24 09:51:45,2019-09-24 09:51:45,0,0,28,18,5,5,2,5,11,0,2,NULL,NULL,470,180,290,1349,747,602,0,0,1
4532,4531,2019-09-24 09:51:45,2019-09-24 09:51:45,0,0,27,4,1,1,1,1,1,0,1,NULL,NULL,426,169,257,1214,722,492,0,0,1
4531,4530,2019-09-24 09:51:45,2019-09-24 09:51:45,0,0,29,10,0,0,1,0,0,0,1,NULL,NULL,495,183,312,1304,733,571,0,7,1
4530,4529,2019-09-24 09:51:45,2019-09-24 09:51:45,0,0,14,13,1,1,1,1,7,0,1,NULL,NULL,407,181,226,1117,668,449,0,0,1
4529,4528,2019-09-24 09:51:45,2019-09-24 09:51:45,0,0,11,7,1,1,1,1,2,0,1,NULL,NULL,425,194,231,1118,686,432,0,0,1
4528,4527,2019-09-24 09:51:45,2019-09-24 09:51:45,0,0,11,7,2,2,2,2,2,0,2,NULL,NULL,437,202,235,1112,701,411,0,0,1
4527,4526,2019-09-24 09:51:45,2019-09-24 09:51:45,0,0,19,9,2,2,2,2,2,0,2,NULL,NULL,419,193,226,1179,725,454,0,0,1
4526,4525,2019-09-24 09:51:45,2019-09-24 09:51:45,0,0,15,7,3,3,2,3,1,0,2,NULL,NULL,484,215,269,1335,764,571,0,0,1
4525,4524,2019-09-24 09:51:45,2019-09-24 09:51:45,0,0,24,8,1,1,2,1,5,0,2,NULL,NULL,457,212,245,1244,765,479,0,0,1
4524,4523,2019-09-24 09:51:45,2019-09-24 09:51:45,0,0,23,15,3,3,3,3,0,0,3,NULL,NULL,518,216,302,1362,780,582,0,12,1
4523,4522,2019-09-24 09:51:44,2019-09-24 09:51:44,0,0,10,5,1,2,2,2,1,0,2,NULL,NULL,465,215,250,1195,717,478,0,0,1
4522,4521,2019-09-24 09:51:44,2019-09-24 09:51:44,0,0,31,10,2,2,2,2,4,0,2,NULL,NULL,505,214,291,1329,757,572,0,0,1
4521,4520,2019-09-24 09:51:44,2019-09-24 09:51:44,0,0,36,13,2,2,2,2,5,0,2,NULL,NULL,460,228,232,1301,784,517,0,0,1
4520,4519,2019-09-24 09:51:44,2019-09-24 09:51:44,0,0,31,9,2,2,2,2,5,0,2,NULL,NULL,470,225,245,1253,762,491,0,0,1
4519,4518,2019-09-24 09:51:44,2019-09-24 09:51:44,0,0,26,5,1,1,2,1,2,0,2,NULL,NULL,474,231,243,1292,773,519,0,0,1
4518,4517,2019-09-24 09:51:44,2019-09-24 09:51:44,0,0,25,7,3,3,2,3,2,0,2,NULL,NULL,517,228,289,1367,782,585,0,0,1
4517,4516,2019-09-24 09:51:44,2019-09-24 09:51:44,0,0,36,14,1,1,3,1,0,0,3,NULL,NULL,517,224,293,1336,805,531,0,13,1
4516,4515,2019-09-24 09:51:44,2019-09-24 09:51:44,0,0,21,6,1,1,3,1,1,0,3,NULL,NULL,445,194,251,1268,728,540,0,0,1
4515,4514,2019-09-24 09:51:44,2019-09-24 09:51:44,0,0,26,9,1,1,2,1,3,0,2,NULL,NULL,462,190,272,1238,747,491,0,0,1
4514,4513,2019-09-24 09:51:44,2019-09-24 09:51:44,0,0,23,16,4,4,4,4,8,0,4,NULL,NULL,478,214,264,1298,780,518,0,0,1
4513,4512,2019-09-24 09:51:44,2019-09-24 09:51:44,0,0,21,10,1,1,2,1,5,0,2,NULL,NULL,490,212,278,1360,777,583,0,0,1
4512,4511,2019-09-24 09:51:44,2019-09-24 09:51:44,0,0,15,8,1,1,3,1,6,0,3,NULL,NULL,487,214,273,1339,776,563,0,0,1
4511,4510,2019-09-24 09:51:44,2019-09-24 09:51:44,0,0,27,5,2,2,4,2,3,0,4,NULL,NULL,507,221,286,1373,828,545,0,0,1
4510,4509,2019-09-24 09:51:44,2019-09-24 09:51:44,0,0,26,11,4,4,4,4,8,0,4,NULL,NULL,494,243,251,1381,867,514,0,0,1
4509,4508,2019-09-24 09:51:44,2019-09-24 09:51:44,0,0,31,18,2,2,2,2,13,0,2,NULL,NULL,495,210,285,1411,825,586,0,0,1
4508,4507,2019-09-24 09:51:44,2019-09-24 09:51:44,0,0,28,15,5,5,3,5,0,0,3,NULL,NULL,587,240,347,1641,881,760,0,7,1
4507,4506,2019-09-24 09:51:44,2019-09-24 09:51:44,0,0,10,7,2,2,3,2,2,0,3,NULL,NULL,502,225,277,1374,822,552,0,0,1
4506,4505,2019-09-24 09:51:44,2019-09-24 09:51:44,0,0,13,7,1,1,3,1,3,0,3,NULL,NULL,474,231,243,1360,853,507,0,0,1
4505,4504,2019-09-24 09:51:44,2019-09-24 09:51:44,1,0,18,11,2,1,2,0,2,0,2,NULL,NULL,512,223,289,1435,859,576,0,0,1
4504,4503,2019-09-24 09:51:43,2019-09-24 09:51:43,0,0,17,11,6,7,3,6,2,0,3,NULL,NULL,562,261,301,1538,934,604,1,0,1
4503,4502,2019-09-24 09:51:43,2019-09-24 09:51:43,0,0,15,7,2,3,3,2,2,0,3,NULL,NULL,495,244,251,1427,926,501,1,0,1
4502,4501,2019-09-24 09:51:43,2019-09-24 09:51:43,0,0,11,4,1,1,3,1,0,0,3,NULL,NULL,481,251,230,1386,915,471,0,0,1
4501,4500,2019-09-24 09:51:43,2019-09-24 09:51:43,0,0,49,8,1,1,3,1,5,0,3,NULL,NULL,510,238,272,1470,955,515,0,0,1
4500,4499,2019-09-24 09:51:43,2019-09-24 09:51:43,0,0,45,13,5,5,2,4,0,0,2,NULL,NULL,653,310,343,1682,1037,645,1,8,1
4499,4498,2019-09-24 09:51:43,2019-09-24 09:51:43,0,0,61,7,4,6,3,6,0,0,3,NULL,NULL,513,277,236,1469,964,505,0,0,1
4498,4497,2019-09-24 09:51:43,2019-09-24 09:51:43,0,0,55,5,2,2,2,2,1,0,2,NULL,NULL,554,272,282,1528,956,572,0,0,1
4497,4496,2019-09-24 09:51:43,2019-09-24 09:51:43,0,0,25,10,1,1,3,1,7,0,3,NULL,NULL,481,229,252,1333,827,506,0,0,1
4496,4495,2019-09-24 09:51:43,2019-09-24 09:51:43,0,0,25,9,1,1,2,1,2,0,2,NULL,NULL,474,232,242,1296,809,487,0,0,1
4495,4494,2019-09-24 09:51:43,2019-09-24 09:51:43,0,0,35,13,1,1,3,1,6,0,3,NULL,NULL,471,219,252,1347,815,532,0,0,1
4494,4493,2019-09-24 09:51:43,2019-09-24 09:51:43,0,0,20,13,1,1,2,1,2,0,2,NULL,NULL,423,190,233,1183,720,463,0,0,1
4493,4492,2019-09-24 09:51:43,2019-09-24 09:51:43,0,0,32,13,4,4,2,3,4,0,2,NULL,NULL,459,195,264,1220,751,469,1,0,1
4492,4491,2019-09-24 09:51:43,2019-09-24 09:51:43,0,0,28,10,2,2,3,2,0,0,3,NULL,NULL,463,187,276,1226,730,496,0,4,1
4491,4490,2019-09-24 09:51:43,2019-09-24 09:51:43,0,0,11,5,2,2,3,2,0,0,3,NULL,NULL,420,212,208,1109,702,407,0,0,1
4490,4489,2019-09-24 09:51:43,2019-09-24 09:51:43,0,0,16,13,2,2,3,2,4,0,3,NULL,NULL,369,168,201,1087,668,419,0,0,1
4489,4488,2019-09-24 09:51:43,2019-09-24 09:51:43,0,0,17,13,2,2,4,2,3,0,4,NULL,NULL,420,177,243,1151,679,472,0,0,1
4488,4487,2019-09-24 09:51:43,2019-09-24 09:51:43,0,0,23,27,4,4,4,4,17,0,4,NULL,NULL,407,185,222,1149,703,446,0,0,1
4487,4486,2019-09-24 09:51:43,2019-09-24 09:51:43,0,0,25,19,3,3,4,3,9,0,4,NULL,NULL,419,179,240,1168,707,461,0,0,1
4486,4485,2019-09-24 09:51:43,2019-09-24 09:51:43,0,0,30,7,1,1,4,1,2,0,4,NULL,NULL,417,179,238,1171,690,481,0,0,1
4485,4484,2019-09-24 09:51:43,2019-09-24 09:51:43,0,0,27,3,1,1,4,1,0,0,4,NULL,NULL,410,180,230,1123,704,419,0,0,2
4484,4483,2019-09-24 09:51:43,2019-09-24 09:51:43,0,0,26,31,13,14,4,13,0,0,4,NULL,NULL,660,226,434,1628,786,842,1,16,1
4483,4482,2019-09-24 09:51:43,2019-09-24 09:51:43,0,0,12,5,1,1,3,1,1,0,3,NULL,NULL,398,187,211,1056,663,393,0,0,1
4482,4481,2019-09-24 09:51:43,2019-09-24 09:51:43,0,0,11,9,3,3,3,3,5,0,3,NULL,NULL,416,201,215,1062,673,389,0,0,1
4481,4480,2019-09-24 09:51:43,2019-09-24 09:51:43,0,0,12,5,1,1,3,1,3,0,3,NULL,NULL,404,203,201,1019,672,347,0,0,1
4480,4479,2019-09-24 09:51:42,2019-09-24 09:51:42,0,0,13,5,1,1,4,1,1,0,4,NULL,NULL,414,198,216,1029,674,355,0,0,1
4479,4478,2019-09-24 09:51:42,2019-09-24 09:51:42,0,0,11,7,1,1,3,1,5,0,3,NULL,NULL,411,199,212,1061,682,379,0,0,1
4478,4477,2019-09-24 09:51:42,2019-09-24 09:51:42,0,0,37,9,2,2,3,2,5,0,3,NULL,NULL,473,212,261,1159,733,426,0,0,1
4477,4476,2019-09-24 09:51:42,2019-09-24 09:51:42,0,0,34,5,2,2,3,2,2,0,3,NULL,NULL,497,216,281,1207,765,442,0,0,1
4476,4475,2019-09-24 09:51:42,2019-09-24 09:51:42,0,0,31,36,28,29,4,27,0,0,4,NULL,NULL,740,289,451,1744,917,827,2,12,1
4475,4474,2019-09-24 09:51:42,2019-09-24 09:51:42,0,0,18,5,1,1,3,1,1,0,3,NULL,NULL,454,221,233,1125,729,396,0,0,1
4474,4473,2019-09-24 09:51:42,2019-09-24 09:51:42,0,0,17,8,2,2,4,2,4,0,4,NULL,NULL,460,215,245,1170,735,435,0,0,1
4473,4472,2019-09-24 09:51:42,2019-09-24 09:51:42,0,0,19,5,2,2,3,2,1,0,3,NULL,NULL,440,212,228,1127,744,383,0,0,1
4472,4471,2019-09-24 09:51:42,2019-09-24 09:51:42,0,0,22,3,2,2,3,2,0,0,3,NULL,NULL,420,213,207,1144,750,394,0,0,1
4471,4470,2019-09-24 09:51:42,2019-09-24 09:51:42,0,0,20,5,1,1,3,1,3,0,3,NULL,NULL,442,215,227,1143,741,402,0,0,1
4470,4469,2019-09-24 09:51:42,2019-09-24 09:51:42,0,0,22,9,3,3,3,3,4,0,3,NULL,NULL,474,228,246,1188,771,417,0,0,1
4469,4468,2019-09-24 09:51:42,2019-09-24 09:51:42,0,0,17,4,1,1,4,1,1,0,4,NULL,NULL,466,215,251,1180,758,422,0,0,1
4468,4467,2019-09-24 09:51:42,2019-09-24 09:51:42,0,0,26,7,2,2,3,2,0,0,3,NULL,NULL,486,217,269,1258,765,493,0,4,1
4467,4466,2019-09-24 09:51:42,2019-09-24 09:51:42,0,0,11,7,2,2,2,2,2,0,2,NULL,NULL,426,193,233,1267,697,570,0,0,1
4466,4465,2019-09-24 09:51:42,2019-09-24 09:51:42,0,0,14,11,3,3,3,3,4,0,3,NULL,NULL,455,200,255,1259,700,559,0,0,1
4465,4464,2019-09-24 09:51:42,2019-09-24 09:51:42,0,0,18,12,3,3,2,3,6,0,2,NULL,NULL,449,211,238,1226,719,507,0,0,1
4464,4463,2019-09-24 09:51:42,2019-09-24 09:51:42,0,0,10,2,1,1,2,1,0,0,2,NULL,NULL,420,210,210,1179,721,458,0,0,1
4463,4462,2019-09-24 09:51:42,2019-09-24 09:51:42,0,0,12,3,2,2,2,2,1,0,2,NULL,NULL,474,244,230,1212,749,463,0,0,1
4462,4461,2019-09-24 09:51:42,2019-09-24 09:51:42,0,0,17,6,2,2,3,2,1,0,3,NULL,NULL,510,246,264,1254,753,501,0,0,1
4461,4460,2019-09-24 09:51:42,2019-09-24 09:51:42,0,0,13,9,2,2,2,2,4,0,2,NULL,NULL,471,236,235,1242,759,483,0,0,1
4460,4459,2019-09-24 09:51:42,2019-09-24 09:51:42,0,0,15,7,1,1,2,1,1,0,2,NULL,NULL,489,246,243,1326,779,547,0,0,1
4459,4458,2019-09-24 09:51:42,2019-09-24 09:51:42,0,0,15,17,5,5,2,4,10,0,2,NULL,NULL,530,266,264,1365,820,545,1,0,1
4458,4457,2019-09-24 09:51:42,2019-09-24 09:51:42,1,0,36,20,4,4,2,3,0,0,2,NULL,NULL,545,236,309,1466,798,668,0,11,1
4457,4456,2019-09-24 09:51:41,2019-09-24 09:51:41,0,0,27,10,2,2,2,2,5,0,2,NULL,NULL,482,235,247,1299,776,523,0,0,1
4456,4455,2019-09-24 09:51:41,2019-09-24 09:51:41,0,0,29,15,3,3,3,3,8,0,3,NULL,NULL,528,264,264,1433,835,598,0,0,1
4455,4454,2019-09-24 09:51:41,2019-09-24 09:51:41,0,0,24,4,3,3,3,3,0,0,3,NULL,NULL,522,275,247,1436,849,587,0,0,1
4454,4453,2019-09-24 09:51:41,2019-09-24 09:51:41,0,0,22,27,13,14,3,14,0,0,3,NULL,NULL,701,313,388,1748,922,826,0,16,1
4453,4452,2019-09-24 09:51:41,2019-09-24 09:51:41,0,0,36,7,1,1,3,1,1,0,3,NULL,NULL,545,294,251,1456,912,544,0,0,2
4452,4451,2019-09-24 09:51:41,2019-09-24 09:51:41,0,0,32,5,3,3,3,3,0,0,3,NULL,NULL,603,321,282,1553,943,610,0,0,1
4451,4450,2019-09-24 09:51:41,2019-09-24 09:51:41,0,0,30,11,3,4,2,4,5,0,2,NULL,NULL,605,328,277,1572,978,594,0,0,1
4450,4449,2019-09-24 09:51:41,2019-09-24 09:51:41,0,0,16,6,3,3,2,3,2,0,2,NULL,NULL,571,307,264,1483,911,572,0,0,1
4449,4448,2019-09-24 09:51:41,2019-09-24 09:51:41,0,0,18,5,2,2,2,2,1,0,2,NULL,NULL,549,302,247,1452,913,539,0,0,1
4448,4447,2019-09-24 09:51:41,2019-09-24 09:51:41,0,0,22,7,1,2,3,2,4,0,3,NULL,NULL,629,327,302,1532,943,589,0,0,1
4447,4446,2019-09-24 09:51:41,2019-09-24 09:51:41,0,0,22,15,3,3,3,3,6,0,3,NULL,NULL,664,340,324,1570,969,601,0,0,1
4446,4445,2019-09-24 09:51:41,2019-09-24 09:51:41,0,0,27,16,1,1,3,1,9,0,3,NULL,NULL,576,300,276,1377,896,481,0,0,1
4445,4444,2019-09-24 09:51:41,2019-09-24 09:51:41,2,0,19,22,11,11,4,9,0,0,4,NULL,NULL,778,341,437,1780,932,848,0,10,1
4444,4443,2019-09-24 09:51:41,2019-09-24 09:51:41,0,0,13,5,1,1,3,1,2,0,3,NULL,NULL,543,300,243,1269,851,418,0,0,1
4443,4442,2019-09-24 09:51:41,2019-09-24 09:51:41,0,0,15,16,2,2,3,2,11,0,3,NULL,NULL,549,302,247,1359,872,487,0,0,1
4442,4441,2019-09-24 09:51:41,2019-09-24 09:51:41,0,0,20,6,1,1,3,1,2,0,3,NULL,NULL,562,306,256,1364,882,482,0,0,1
4441,4440,2019-09-24 09:51:41,2019-09-24 09:51:41,0,0,11,6,2,2,3,2,3,0,3,NULL,NULL,562,319,243,1380,898,482,0,0,1
4440,4439,2019-09-24 09:51:41,2019-09-24 09:51:41,0,0,22,10,2,2,3,2,4,0,3,NULL,NULL,592,341,251,1453,965,488,0,0,1
4439,4438,2019-09-24 09:51:41,2019-09-24 09:51:41,0,0,30,5,1,1,3,1,1,0,3,NULL,NULL,575,334,241,1420,971,449,0,0,1
4438,4437,2019-09-24 09:51:41,2019-09-24 09:51:41,0,0,23,5,1,1,2,1,0,0,2,NULL,NULL,638,322,316,1555,961,594,0,3,1
4437,4436,2019-09-24 09:51:41,2019-09-24 09:51:41,0,0,15,5,2,2,2,1,1,0,2,NULL,NULL,605,360,245,1542,1073,469,1,0,1
4436,4435,2019-09-24 09:51:41,2019-09-24 09:51:41,0,0,20,9,5,5,2,4,2,0,2,NULL,NULL,636,372,264,1631,1097,534,1,0,1
4435,4434,2019-09-24 09:51:41,2019-09-24 09:51:41,0,0,73,9,2,2,4,1,3,0,4,NULL,NULL,638,387,251,1770,1189,581,1,0,1
4434,4433,2019-09-24 09:51:40,2019-09-24 09:51:40,0,0,67,4,1,1,3,1,1,0,3,NULL,NULL,580,315,265,1599,1036,563,0,0,2
4433,4432,2019-09-24 09:51:40,2019-09-24 09:51:40,0,0,74,13,2,2,3,2,5,0,3,NULL,NULL,614,329,285,1652,1057,595,0,0,1
4432,4431,2019-09-24 09:51:40,2019-09-24 09:51:40,0,0,80,23,1,2,2,2,14,0,2,NULL,NULL,601,315,286,1617,1029,588,0,0,1
4431,4430,2019-09-24 09:51:40,2019-09-24 09:51:40,0,0,59,10,4,4,3,4,0,0,3,NULL,NULL,517,263,254,1469,910,559,0,0,1
4430,4429,2019-09-24 09:51:40,2019-09-24 09:51:40,0,0,54,8,2,2,3,2,4,0,3,NULL,NULL,569,272,297,1528,956,572,0,0,1
4429,4428,2019-09-24 09:51:40,2019-09-24 09:51:40,0,0,53,6,1,1,4,1,2,0,4,NULL,NULL,533,296,237,1477,971,506,0,0,1
4428,4427,2019-09-24 09:51:40,2019-09-24 09:51:40,0,0,53,4,2,2,3,2,0,0,3,NULL,NULL,585,296,289,1658,987,671,0,0,1
4427,4426,2019-09-24 09:51:40,2019-09-24 09:51:40,1,0,57,7,2,2,3,1,1,0,3,NULL,NULL,601,312,289,1659,1019,640,0,0,1
4426,4425,2019-09-24 09:51:40,2019-09-24 09:51:40,0,0,51,8,4,4,4,4,3,0,4,NULL,NULL,599,317,282,1653,1040,613,0,0,1
4425,4424,2019-09-24 09:51:40,2019-09-24 09:51:40,0,0,54,16,7,7,4,6,0,0,4,NULL,NULL,711,386,325,1883,1232,651,1,6,1
4424,4423,2019-09-24 09:51:40,2019-09-24 09:51:40,0,0,40,9,3,3,4,2,3,0,4,NULL,NULL,594,357,237,1645,1124,521,1,0,1
4423,4422,2019-09-24 09:51:40,2019-09-24 09:51:40,0,0,62,7,2,2,3,2,1,0,3,NULL,NULL,538,281,257,1561,1001,560,0,0,2
4422,4421,2019-09-24 09:51:40,2019-09-24 09:51:40,0,0,61,14,2,2,2,2,8,0,2,NULL,NULL,568,288,280,1594,1011,583,0,0,1
4421,4420,2019-09-24 09:51:40,2019-09-24 09:51:40,0,0,56,4,0,0,3,0,1,0,3,NULL,NULL,543,282,261,1551,995,556,0,0,1
4420,4419,2019-09-24 09:51:40,2019-09-24 09:51:40,0,0,53,10,3,4,2,4,3,0,2,NULL,NULL,503,252,251,1432,908,524,0,0,1
4419,4418,2019-09-24 09:51:40,2019-09-24 09:51:40,0,0,41,8,2,2,3,2,4,0,3,NULL,NULL,513,250,263,1417,907,510,0,0,1
4418,4417,2019-09-24 09:51:40,2019-09-24 09:51:40,0,0,41,9,1,1,3,1,8,0,3,NULL,NULL,513,248,265,1429,899,530,0,0,1
4417,4416,2019-09-24 09:51:40,2019-09-24 09:51:40,0,0,29,6,1,1,2,1,3,0,2,NULL,NULL,462,221,241,1288,808,480,0,0,1
4416,4415,2019-09-24 09:51:40,2019-09-24 09:51:40,0,0,29,4,0,0,2,0,2,0,2,NULL,NULL,448,212,236,1266,809,457,0,0,1
4415,4414,2019-09-24 09:51:40,2019-09-24 09:51:40,0,0,17,8,0,0,1,0,3,0,1,NULL,NULL,374,159,215,1096,696,400,0,0,1
4414,4413,2019-09-24 09:51:40,2019-09-24 09:51:40,0,0,18,14,2,2,2,2,6,0,2,NULL,NULL,396,175,221,1106,712,394,0,0,1
4413,4412,2019-09-24 09:51:40,2019-09-24 09:51:40,0,0,29,12,2,2,2,2,7,0,2,NULL,NULL,419,177,242,1186,743,443,0,0,2
4412,4411,2019-09-24 09:51:40,2019-09-24 09:51:40,0,0,32,4,0,0,5,0,1,0,5,NULL,NULL,388,162,226,1158,726,432,0,0,2
4411,4410,2019-09-24 09:51:40,2019-09-24 09:51:40,0,0,28,31,13,14,2,13,0,0,2,NULL,NULL,549,207,342,1530,805,725,1,20,1
4410,4409,2019-09-24 09:51:39,2019-09-24 09:51:39,0,0,13,2,0,0,2,0,0,0,2,NULL,NULL,352,150,202,1011,663,348,0,0,1
4409,4408,2019-09-24 09:51:39,2019-09-24 09:51:39,0,0,18,5,1,1,2,1,3,0,2,NULL,NULL,367,159,208,1095,672,423,0,0,1
4408,4407,2019-09-24 09:51:39,2019-09-24 09:51:39,0,0,13,4,1,1,3,1,1,0,3,NULL,NULL,366,156,210,1065,698,367,0,0,1
4407,4406,2019-09-24 09:51:39,2019-09-24 09:51:39,0,0,11,4,1,1,2,1,1,0,2,NULL,NULL,372,156,216,1078,693,385,0,0,1
4406,4405,2019-09-24 09:51:39,2019-09-24 09:51:39,0,0,29,4,0,0,3,0,2,0,3,NULL,NULL,402,175,227,1109,710,399,0,0,1
4405,4404,2019-09-24 09:51:39,2019-09-24 09:51:39,0,0,28,6,0,0,2,0,4,0,2,NULL,NULL,392,175,217,1165,724,441,0,0,1
4404,4403,2019-09-24 09:51:39,2019-09-24 09:51:39,0,0,26,12,8,8,2,8,0,0,2,NULL,NULL,523,202,321,1400,765,635,0,3,1
4403,4402,2019-09-24 09:51:39,2019-09-24 09:51:39,0,0,11,3,1,1,2,1,0,0,2,NULL,NULL,405,177,228,1100,685,415,0,0,1
4402,4401,2019-09-24 09:51:39,2019-09-24 09:51:39,0,0,9,7,1,1,2,1,4,0,2,NULL,NULL,395,190,205,1107,709,398,0,0,1
4401,4400,2019-09-24 09:51:39,2019-09-24 09:51:39,0,0,10,3,0,0,3,0,0,0,3,NULL,NULL,369,167,202,1100,688,412,0,0,1
4400,4399,2019-09-24 09:51:39,2019-09-24 09:51:39,0,0,18,6,1,1,3,1,2,0,3,NULL,NULL,380,172,208,1159,724,435,0,0,1
4399,4398,2019-09-24 09:51:39,2019-09-24 09:51:39,0,0,20,5,1,1,3,1,0,0,3,NULL,NULL,404,200,204,1165,763,402,0,0,1
4398,4397,2019-09-24 09:51:39,2019-09-24 09:51:39,0,0,18,6,1,1,3,1,1,0,3,NULL,NULL,435,204,231,1202,776,426,0,0,1
4397,4396,2019-09-24 09:51:39,2019-09-24 09:51:39,0,0,28,13,5,5,3,5,4,0,3,NULL,NULL,473,217,256,1290,802,488,0,0,1
4396,4395,2019-09-24 09:51:39,2019-09-24 09:51:39,0,0,24,18,6,6,3,6,0,0,3,NULL,NULL,507,208,299,1395,795,600,0,9,1
4395,4394,2019-09-24 09:51:39,2019-09-24 09:51:39,1,0,19,11,2,2,3,0,1,0,3,NULL,NULL,449,234,215,1289,863,426,1,0,1
4394,4393,2019-09-24 09:51:39,2019-09-24 09:51:39,0,0,22,13,3,3,3,3,3,0,3,NULL,NULL,390,167,223,1189,741,448,0,0,1
4393,4392,2019-09-24 09:51:39,2019-09-24 09:51:39,0,0,19,13,3,3,2,3,5,0,2,NULL,NULL,396,166,230,1146,737,409,0,0,1
4392,4391,2019-09-24 09:51:39,2019-09-24 09:51:39,0,0,20,11,2,2,3,2,3,0,3,NULL,NULL,386,169,217,1113,741,372,0,0,1
4391,4390,2019-09-24 09:51:39,2019-09-24 09:51:39,1,0,23,14,3,3,3,2,1,0,3,NULL,NULL,396,179,217,1166,776,390,0,0,1
4390,4389,2019-09-24 09:51:39,2019-09-24 09:51:39,0,0,29,10,2,2,4,2,3,0,4,NULL,NULL,402,176,226,1179,787,392,0,0,1
4389,4388,2019-09-24 09:51:39,2019-09-24 09:51:39,0,0,23,5,1,1,3,0,0,0,3,NULL,NULL,474,204,270,1338,833,505,1,2,1
4388,4387,2019-09-24 09:51:39,2019-09-24 09:51:39,0,0,45,10,3,3,3,3,1,0,3,NULL,NULL,388,171,217,1194,774,420,0,0,1
4387,4386,2019-09-24 09:51:38,2019-09-24 09:51:38,0,0,39,5,0,0,3,0,2,0,3,NULL,NULL,367,167,200,1143,769,374,0,0,1
4386,4385,2019-09-24 09:51:38,2019-09-24 09:51:38,0,0,38,3,0,0,3,0,0,0,3,NULL,NULL,382,166,216,1200,784,416,0,0,1
4385,4384,2019-09-24 09:51:38,2019-09-24 09:51:38,0,0,39,10,1,1,3,1,4,0,3,NULL,NULL,386,174,212,1209,801,408,0,0,1
4384,4383,2019-09-24 09:51:38,2019-09-24 09:51:38,0,0,37,7,0,0,2,0,3,0,2,NULL,NULL,398,175,223,1280,819,461,0,0,1
4383,4382,2019-09-24 09:51:38,2019-09-24 09:51:38,0,0,47,9,1,1,4,1,3,0,4,NULL,NULL,435,195,240,1322,840,482,0,0,1
4382,4381,2019-09-24 09:51:38,2019-09-24 09:51:38,0,0,44,8,2,2,2,2,2,0,2,NULL,NULL,432,199,233,1317,844,473,0,0,1
4381,4380,2019-09-24 09:51:38,2019-09-24 09:51:38,0,0,40,9,1,1,2,1,0,0,2,NULL,NULL,503,205,298,1446,876,570,0,7,1
4380,4379,2019-09-24 09:51:38,2019-09-24 09:51:38,0,0,25,7,0,0,3,0,4,0,3,NULL,NULL,401,200,201,1209,805,404,0,0,1
4379,4378,2019-09-24 09:51:38,2019-09-24 09:51:38,0,0,25,5,2,2,2,2,0,0,2,NULL,NULL,459,222,237,1259,831,428,0,0,1
4378,4377,2019-09-24 09:51:38,2019-09-24 09:51:38,0,0,33,19,4,4,2,4,9,0,2,NULL,NULL,452,216,236,1271,832,439,0,0,1
4377,4376,2019-09-24 09:51:38,2019-09-24 09:51:38,0,0,24,4,0,0,2,0,1,0,2,NULL,NULL,435,212,223,1249,843,406,0,0,1
4376,4375,2019-09-24 09:51:38,2019-09-24 09:51:38,0,0,51,13,0,0,2,0,6,0,2,NULL,NULL,435,213,222,1323,878,445,0,0,1
4375,4374,2019-09-24 09:51:38,2019-09-24 09:51:38,0,0,52,9,0,0,2,0,4,0,2,NULL,NULL,431,209,222,1296,865,431,0,0,1
4374,4373,2019-09-24 09:51:38,2019-09-24 09:51:38,0,0,30,9,1,1,3,1,2,0,3,NULL,NULL,407,179,228,1228,747,481,0,0,1
4373,4372,2019-09-24 09:51:38,2019-09-24 09:51:38,0,0,21,5,0,0,4,0,3,0,4,NULL,NULL,402,182,220,1199,749,450,0,0,1
4372,4371,2019-09-24 09:51:38,2019-09-24 09:51:38,0,0,36,21,9,9,2,9,0,0,2,NULL,NULL,508,221,287,1369,789,580,0,7,1
4371,4370,2019-09-24 09:51:38,2019-09-24 09:51:38,0,0,9,4,1,1,2,1,1,0,2,NULL,NULL,356,169,187,1075,678,397,0,0,1
4370,4369,2019-09-24 09:51:38,2019-09-24 09:51:38,0,0,29,6,2,2,3,2,0,0,3,NULL,NULL,362,158,204,1072,688,384,0,0,1
4369,4368,2019-09-24 09:51:38,2019-09-24 09:51:38,0,0,27,5,0,0,2,0,1,0,2,NULL,NULL,332,147,185,1048,688,360,0,0,1
4368,4367,2019-09-24 09:51:38,2019-09-24 09:51:38,0,0,27,3,0,0,3,0,1,0,3,NULL,NULL,346,153,193,1099,692,407,0,0,1
4367,4366,2019-09-24 09:51:38,2019-09-24 09:51:38,0,0,23,5,3,3,3,3,0,0,3,NULL,NULL,437,156,281,1270,707,563,0,0,1
4366,4365,2019-09-24 09:51:38,2019-09-24 09:51:38,0,0,18,5,0,0,3,0,2,0,3,NULL,NULL,316,128,188,982,644,338,0,0,1
4365,4364,2019-09-24 09:51:38,2019-09-24 09:51:38,0,0,18,14,4,3,3,3,6,0,3,NULL,NULL,342,129,213,1038,650,388,0,0,1
4364,4363,2019-09-24 09:51:38,2019-09-24 09:51:38,0,0,15,13,1,1,3,1,8,0,3,NULL,NULL,331,138,193,1014,654,360,0,0,1
4363,4362,2019-09-24 09:51:38,2019-09-24 09:51:38,0,0,14,6,0,0,3,0,4,0,3,NULL,NULL,318,136,182,1027,650,377,0,0,1
4362,4361,2019-09-24 09:51:37,2019-09-24 09:51:37,0,0,12,5,0,0,3,0,3,0,3,NULL,NULL,340,141,199,1017,645,372,0,0,1
4361,4360,2019-09-24 09:51:37,2019-09-24 09:51:37,0,0,24,3,0,0,3,0,0,0,3,NULL,NULL,349,149,200,1037,694,343,0,0,1
4360,4359,2019-09-24 09:51:37,2019-09-24 09:51:37,0,0,24,8,0,0,3,0,4,0,3,NULL,NULL,349,158,191,1061,698,363,0,0,1
4359,4358,2019-09-24 09:51:37,2019-09-24 09:51:37,0,0,28,4,1,1,3,1,1,0,3,NULL,NULL,360,164,196,1082,734,348,0,0,1
4358,4357,2019-09-24 09:51:37,2019-09-24 09:51:37,0,0,27,16,4,4,3,4,0,0,3,NULL,NULL,451,182,269,1241,754,487,0,10,1
4357,4356,2019-09-24 09:51:37,2019-09-24 09:51:37,1,0,16,7,1,1,3,0,2,0,3,NULL,NULL,334,145,189,995,649,346,0,0,1
4356,4355,2019-09-24 09:51:37,2019-09-24 09:51:37,0,0,14,5,0,0,3,0,1,0,3,NULL,NULL,317,146,171,985,661,324,0,0,1
4355,4354,2019-09-24 09:51:37,2019-09-24 09:51:37,0,0,23,14,1,1,3,1,7,0,3,NULL,NULL,343,144,199,1035,667,368,0,0,1
4354,4353,2019-09-24 09:51:37,2019-09-24 09:51:37,0,0,16,6,0,0,3,0,3,0,3,NULL,NULL,340,151,189,1051,675,376,0,0,1
4353,4352,2019-09-24 09:51:37,2019-09-24 09:51:37,0,0,14,8,0,0,2,0,4,0,2,NULL,NULL,386,179,207,1089,695,394,0,0,1
4352,4351,2019-09-24 09:51:37,2019-09-24 09:51:37,0,0,21,5,0,0,2,0,1,0,2,NULL,NULL,392,181,211,1124,706,418,0,0,1
4351,4350,2019-09-24 09:51:37,2019-09-24 09:51:37,0,0,25,10,2,2,2,2,3,0,2,NULL,NULL,422,177,245,1210,716,494,0,0,1
4350,4349,2019-09-24 09:51:37,2019-09-24 09:51:37,0,0,22,3,0,0,4,0,0,0,4,NULL,NULL,379,167,212,1079,694,385,0,0,1
4349,4348,2019-09-24 09:51:37,2019-09-24 09:51:37,0,0,19,9,1,1,3,1,4,0,3,NULL,NULL,367,155,212,1084,659,425,0,0,1
4348,4347,2019-09-24 09:51:37,2019-09-24 09:51:37,0,0,13,8,0,0,3,0,5,0,3,NULL,NULL,350,157,193,1043,659,384,0,0,1
4347,4346,2019-09-24 09:51:37,2019-09-24 09:51:37,0,0,18,17,2,2,3,2,11,0,3,NULL,NULL,376,164,212,1080,668,412,0,0,1
4346,4345,2019-09-24 09:51:37,2019-09-24 09:51:37,0,0,12,5,1,1,3,1,2,0,3,NULL,NULL,395,172,223,1125,668,457,0,0,1
4345,4344,2019-09-24 09:51:37,2019-09-24 09:51:37,0,0,11,5,0,0,3,0,2,0,3,NULL,NULL,389,181,208,1064,664,400,0,0,1
4344,4343,2019-09-24 09:51:37,2019-09-24 09:51:37,0,0,43,8,0,0,3,0,3,0,3,NULL,NULL,377,175,202,1105,682,423,0,0,1
4343,4342,2019-09-24 09:51:37,2019-09-24 09:51:37,0,0,38,8,1,1,2,1,0,0,2,NULL,NULL,396,175,221,1085,687,398,0,4,1
4342,4341,2019-09-24 09:51:37,2019-09-24 09:51:37,0,0,38,11,2,2,2,2,4,0,2,NULL,NULL,396,190,206,1209,720,489,0,0,1
4341,4340,2019-09-24 09:51:37,2019-09-24 09:51:37,0,0,26,6,0,0,2,0,1,0,2,NULL,NULL,385,181,204,1058,660,398,0,0,1
4340,4339,2019-09-24 09:51:37,2019-09-24 09:51:37,0,0,23,7,0,0,2,0,3,0,2,NULL,NULL,386,178,208,1083,711,372,0,0,1
4339,4338,2019-09-24 09:51:37,2019-09-24 09:51:37,0,0,28,8,0,0,2,0,1,0,2,NULL,NULL,376,188,188,1101,740,361,0,0,1
4338,4337,2019-09-24 09:51:36,2019-09-24 09:51:36,0,0,23,13,1,1,2,1,7,0,2,NULL,NULL,416,194,222,1201,752,449,0,0,1
4337,4336,2019-09-24 09:51:36,2019-09-24 09:51:36,0,0,27,11,0,0,2,0,4,0,2,NULL,NULL,398,198,200,1159,791,368,0,0,1
4336,4335,2019-09-24 09:51:36,2019-09-24 09:51:36,0,0,23,6,0,0,2,0,1,0,2,NULL,NULL,407,208,199,1173,789,384,0,0,1
4335,4334,2019-09-24 09:51:36,2019-09-24 09:51:36,0,0,25,9,2,2,2,2,1,0,2,NULL,NULL,429,212,217,1207,795,412,0,0,1
4334,4333,2019-09-24 09:51:36,2019-09-24 09:51:36,0,0,27,11,1,1,2,1,2,0,2,NULL,NULL,455,217,238,1256,815,441,0,0,1
4333,4332,2019-09-24 09:51:36,2019-09-24 09:51:36,0,0,34,18,1,1,3,1,6,0,3,NULL,NULL,445,215,230,1324,823,501,0,0,1
4332,4331,2019-09-24 09:51:36,2019-09-24 09:51:36,0,0,34,7,0,0,2,0,1,0,2,NULL,NULL,442,209,233,1299,840,459,0,0,1
4331,4330,2019-09-24 09:51:36,2019-09-24 09:51:36,0,0,28,9,5,5,2,5,0,0,2,NULL,NULL,518,219,299,1492,887,605,0,0,1
4330,4329,2019-09-24 09:51:36,2019-09-24 09:51:36,0,0,31,12,1,1,2,1,0,0,2,NULL,NULL,452,222,230,1494,924,570,0,4,1
4329,4328,2019-09-24 09:51:36,2019-09-24 09:51:36,0,0,19,16,1,1,2,1,4,0,2,NULL,NULL,434,213,221,1300,874,426,0,0,1
4328,4327,2019-09-24 09:51:36,2019-09-24 09:51:36,0,0,22,15,1,1,2,1,4,0,2,NULL,NULL,449,223,226,1329,887,442,0,0,1
4327,4326,2019-09-24 09:51:36,2019-09-24 09:51:36,0,0,47,9,3,3,2,3,1,0,2,NULL,NULL,440,229,211,1399,945,454,0,0,1
4326,4325,2019-09-24 09:51:36,2019-09-24 09:51:36,0,0,51,12,0,0,2,0,8,0,2,NULL,NULL,478,232,246,1413,942,471,0,0,1
4325,4324,2019-09-24 09:51:36,2019-09-24 09:51:36,0,0,47,12,1,1,2,1,6,0,2,NULL,NULL,484,233,251,1428,951,477,0,0,1
4324,4323,2019-09-24 09:51:36,2019-09-24 09:51:36,0,0,44,6,1,1,2,1,0,0,2,NULL,NULL,463,230,233,1425,950,475,0,0,1
4323,4322,2019-09-24 09:51:36,2019-09-24 09:51:36,0,0,45,8,2,2,2,2,2,0,2,NULL,NULL,478,251,227,1432,963,469,0,0,1
4322,4321,2019-09-24 09:51:36,2019-09-24 09:51:36,1,0,68,12,1,1,2,0,5,0,2,NULL,NULL,470,234,236,1408,935,473,0,0,1
4321,4320,2019-09-24 09:51:36,2019-09-24 09:51:36,0,0,61,11,1,1,1,1,8,0,1,NULL,NULL,474,253,221,1373,964,409,0,0,1
4320,4319,2019-09-24 09:51:36,2019-09-24 09:51:36,0,0,20,8,0,0,3,0,1,0,3,NULL,NULL,416,184,232,1180,748,432,0,0,1
4319,4318,2019-09-24 09:51:36,2019-09-24 09:51:36,0,0,31,7,1,2,3,2,2,0,3,NULL,NULL,425,184,241,1192,757,435,0,0,1
4318,4317,2019-09-24 09:51:36,2019-09-24 09:51:36,0,0,30,16,3,3,3,3,0,0,3,NULL,NULL,465,191,274,1290,791,499,0,9,1
4317,4316,2019-09-24 09:51:36,2019-09-24 09:51:36,0,0,23,13,1,1,3,1,8,0,3,NULL,NULL,379,172,207,1089,704,385,0,0,1
4316,4315,2019-09-24 09:51:36,2019-09-24 09:51:36,0,0,16,9,0,0,3,0,4,0,3,NULL,NULL,393,175,218,1132,716,416,0,0,1
4315,4314,2019-09-24 09:51:36,2019-09-24 09:51:36,0,0,13,8,2,2,3,2,3,0,3,NULL,NULL,374,169,205,1093,713,380,0,0,1
4314,4313,2019-09-24 09:51:36,2019-09-24 09:51:36,0,0,34,11,2,2,2,2,3,0,2,NULL,NULL,380,150,230,1167,713,454,0,0,1
4313,4312,2019-09-24 09:51:36,2019-09-24 09:51:36,0,0,30,8,2,2,4,2,1,0,4,NULL,NULL,383,162,221,1152,729,423,0,0,1
4312,4311,2019-09-24 09:51:35,2019-09-24 09:51:35,0,0,28,16,3,3,3,3,0,0,3,NULL,NULL,420,154,266,1224,722,502,0,8,1
4311,4310,2019-09-24 09:51:35,2019-09-24 09:51:35,0,0,14,7,0,0,2,0,2,0,2,NULL,NULL,328,138,190,1064,654,410,0,0,1
4310,4309,2019-09-24 09:51:35,2019-09-24 09:51:35,0,0,13,8,1,1,2,1,1,0,2,NULL,NULL,363,166,197,1052,687,365,0,0,1
4309,4308,2019-09-24 09:51:35,2019-09-24 09:51:35,0,0,15,12,2,2,2,2,6,0,2,NULL,NULL,385,168,217,1086,701,385,0,0,1
4308,4307,2019-09-24 09:51:35,2019-09-24 09:51:35,0,0,24,12,2,2,2,2,5,0,2,NULL,NULL,369,164,205,1096,715,381,0,0,1
4307,4306,2019-09-24 09:51:35,2019-09-24 09:51:35,0,0,18,8,1,1,2,0,2,0,2,NULL,NULL,386,173,213,1149,720,429,1,0,1
4306,4305,2019-09-24 09:51:35,2019-09-24 09:51:35,0,0,19,6,0,0,2,0,0,0,2,NULL,NULL,388,178,210,1116,734,382,0,0,1
4305,4304,2019-09-24 09:51:35,2019-09-24 09:51:35,0,0,28,7,0,0,2,0,1,0,2,NULL,NULL,366,178,188,1093,740,353,0,0,1
4304,4303,2019-09-24 09:51:35,2019-09-24 09:51:35,0,0,26,13,3,3,3,2,0,0,3,NULL,NULL,463,209,254,1291,816,475,1,5,1
4303,4302,2019-09-24 09:51:35,2019-09-24 09:51:35,0,0,15,8,0,0,2,0,1,0,2,NULL,NULL,362,181,181,1034,695,339,0,0,1
4302,4301,2019-09-24 09:51:35,2019-09-24 09:51:35,0,0,14,7,1,1,3,1,0,0,3,NULL,NULL,370,183,187,1054,698,356,0,0,1
4301,4300,2019-09-24 09:51:35,2019-09-24 09:51:35,0,0,24,7,0,0,3,0,1,0,3,NULL,NULL,377,192,185,1059,716,343,0,0,1
4300,4299,2019-09-24 09:51:35,2019-09-24 09:51:35,0,0,27,7,0,0,2,0,1,0,2,NULL,NULL,374,191,183,1132,754,378,0,0,1
4299,4298,2019-09-24 09:51:35,2019-09-24 09:51:35,0,0,37,11,1,1,3,1,6,0,3,NULL,NULL,414,194,220,1216,790,426,0,0,1
4298,4297,2019-09-24 09:51:35,2019-09-24 09:51:35,0,0,35,10,0,0,2,0,4,0,2,NULL,NULL,377,199,178,1152,803,349,0,0,1
4297,4296,2019-09-24 09:51:35,2019-09-24 09:51:35,0,0,31,15,4,4,4,4,0,0,4,NULL,NULL,495,202,293,1394,826,568,0,6,1
4296,4295,2019-09-24 09:51:35,2019-09-24 09:51:35,0,0,23,6,0,0,2,0,0,0,2,NULL,NULL,373,188,185,1085,738,347,0,0,1
4295,4294,2019-09-24 09:51:35,2019-09-24 09:51:35,0,0,20,5,0,0,3,0,0,0,3,NULL,NULL,379,192,187,1119,757,362,0,0,1
4294,4293,2019-09-24 09:51:35,2019-09-24 09:51:35,0,0,22,14,1,1,3,1,7,0,3,NULL,NULL,407,196,211,1162,769,393,0,0,1
4293,4292,2019-09-24 09:51:35,2019-09-24 09:51:35,0,0,25,8,2,2,2,0,3,0,2,NULL,NULL,442,243,199,1238,856,382,2,0,1
4292,4291,2019-09-24 09:51:35,2019-09-24 09:51:35,0,0,29,10,1,2,3,2,3,0,3,NULL,NULL,404,205,199,1165,794,371,0,0,1
4291,4290,2019-09-24 09:51:35,2019-09-24 09:51:35,0,0,24,6,0,0,2,0,0,0,2,NULL,NULL,407,201,206,1157,792,365,0,0,1
4290,4289,2019-09-24 09:51:34,2019-09-24 09:51:34,0,0,25,17,4,4,3,4,0,0,3,NULL,NULL,489,202,287,1340,805,535,0,9,1
4289,4288,2019-09-24 09:51:34,2019-09-24 09:51:34,0,0,39,13,2,2,2,2,3,0,2,NULL,NULL,420,216,204,1151,791,360,0,0,1
4288,4287,2019-09-24 09:51:34,2019-09-24 09:51:34,0,0,33,7,1,1,2,1,2,0,2,NULL,NULL,401,206,195,1195,828,367,0,0,1
4287,4286,2019-09-24 09:51:34,2019-09-24 09:51:34,0,0,29,7,0,0,2,0,3,0,2,NULL,NULL,422,218,204,1263,843,420,0,0,1
4286,4285,2019-09-24 09:51:34,2019-09-24 09:51:34,0,0,33,9,0,0,2,0,2,0,2,NULL,NULL,422,228,194,1223,858,365,0,0,1
4285,4284,2019-09-24 09:51:34,2019-09-24 09:51:34,0,0,41,15,2,2,2,2,8,0,2,NULL,NULL,428,237,191,1314,883,431,0,0,1
4284,4283,2019-09-24 09:51:34,2019-09-24 09:51:34,0,0,32,7,1,1,2,1,1,0,2,NULL,NULL,451,244,207,1307,894,413,0,0,1
4283,4282,2019-09-24 09:51:34,2019-09-24 09:51:34,0,0,32,8,1,1,3,1,2,0,3,NULL,NULL,448,237,211,1310,895,415,0,0,1
4282,4281,2019-09-24 09:51:34,2019-09-24 09:51:34,0,0,32,10,1,1,3,1,4,0,3,NULL,NULL,476,243,233,1380,914,466,0,0,1
4281,4280,2019-09-24 09:51:34,2019-09-24 09:51:34,0,0,37,7,1,1,3,1,0,0,3,NULL,NULL,512,238,274,1449,907,542,0,5,1
4280,4279,2019-09-24 09:51:34,2019-09-24 09:51:34,0,0,31,12,0,0,2,0,7,0,2,NULL,NULL,442,205,237,1333,853,480,0,0,1
4279,4278,2019-09-24 09:51:34,2019-09-24 09:51:34,0,0,30,11,4,4,3,4,1,0,3,NULL,NULL,462,208,254,1363,872,491,0,0,1
4278,4277,2019-09-24 09:51:34,2019-09-24 09:51:34,0,0,16,7,2,2,5,1,4,0,5,NULL,NULL,462,217,245,1258,819,439,1,0,1
4277,4276,2019-09-24 09:51:34,2019-09-24 09:51:34,0,1,32,10,2,2,4,2,4,0,5,NULL,NULL,413,187,226,1213,780,433,0,0,1
4276,4275,2019-09-24 09:51:34,2019-09-24 09:51:34,1,0,36,10,1,2,2,1,3,0,2,NULL,NULL,437,178,259,1236,769,467,0,0,1
4275,4274,2019-09-24 09:51:34,2019-09-24 09:51:34,0,0,15,6,1,1,3,1,2,0,3,NULL,NULL,355,154,201,1045,692,353,0,0,1
4274,4273,2019-09-24 09:51:34,2019-09-24 09:51:34,0,0,16,9,1,3,3,3,4,0,3,NULL,NULL,355,156,199,1108,719,389,0,0,1
4273,4272,2019-09-24 09:51:34,2019-09-24 09:51:34,0,0,17,2,0,0,3,0,0,0,3,NULL,NULL,350,134,216,1084,687,397,0,0,1
4272,4271,2019-09-24 09:51:34,2019-09-24 09:51:34,0,0,17,3,0,0,3,0,0,0,3,NULL,NULL,345,140,205,1062,691,371,0,0,1
4271,4270,2019-09-24 09:51:34,2019-09-24 09:51:34,0,0,15,6,1,1,3,1,3,0,3,NULL,NULL,345,143,202,1072,695,377,0,0,1
4270,4269,2019-09-24 09:51:34,2019-09-24 09:51:34,0,0,30,6,2,2,2,2,1,0,2,NULL,NULL,373,148,225,1167,728,439,0,0,1
4269,4268,2019-09-24 09:51:34,2019-09-24 09:51:34,0,0,25,12,5,5,2,5,0,0,2,NULL,NULL,478,162,316,1334,752,582,0,7,1
4268,4267,2019-09-24 09:51:34,2019-09-24 09:51:34,0,0,20,12,0,0,2,0,3,0,2,NULL,NULL,359,153,206,1060,671,389,0,0,1
4267,4266,2019-09-24 09:51:34,2019-09-24 09:51:34,0,0,9,4,0,0,2,0,2,0,2,NULL,NULL,349,156,193,1011,669,342,0,0,1
4266,4265,2019-09-24 09:51:34,2019-09-24 09:51:34,0,0,22,8,2,2,3,2,3,0,3,NULL,NULL,362,158,204,1056,695,361,0,0,1
4265,4264,2019-09-24 09:51:33,2019-09-24 09:51:33,0,0,24,12,0,0,2,0,8,0,2,NULL,NULL,377,170,207,1111,719,392,0,0,1
4264,4263,2019-09-24 09:51:33,2019-09-24 09:51:33,0,0,34,19,1,1,3,1,12,0,3,NULL,NULL,411,180,231,1179,752,427,0,0,1
4263,4262,2019-09-24 09:51:33,2019-09-24 09:51:33,0,0,19,8,1,1,2,1,3,0,2,NULL,NULL,407,189,218,1153,760,393,0,0,1
4262,4261,2019-09-24 09:51:33,2019-09-24 09:51:33,0,0,31,10,1,1,3,1,4,0,3,NULL,NULL,435,203,232,1190,791,399,0,0,1
4261,4260,2019-09-24 09:51:33,2019-09-24 09:51:33,0,0,27,18,5,5,3,5,0,0,3,NULL,NULL,457,193,264,1296,790,506,0,10,1
4260,4259,2019-09-24 09:51:33,2019-09-24 09:51:33,0,0,10,7,0,0,2,0,2,0,2,NULL,NULL,352,164,188,1063,694,369,0,0,1
4259,4258,2019-09-24 09:51:33,2019-09-24 09:51:33,2,0,20,14,3,3,2,1,3,0,2,NULL,NULL,420,184,236,1216,713,503,0,0,1
4258,4257,2019-09-24 09:51:33,2019-09-24 09:51:33,0,0,33,10,2,1,2,1,3,0,2,NULL,NULL,389,177,212,1129,731,398,0,0,1
4257,4256,2019-09-24 09:51:33,2019-09-24 09:51:33,0,0,28,7,0,0,2,0,2,0,2,NULL,NULL,386,175,211,1154,754,400,0,0,1
4256,4255,2019-09-24 09:51:33,2019-09-24 09:51:33,0,0,36,14,5,5,2,5,4,0,2,NULL,NULL,454,202,252,1261,789,472,0,0,1
4255,4254,2019-09-24 09:51:33,2019-09-24 09:51:33,0,0,33,15,7,8,3,7,6,0,3,NULL,NULL,520,263,257,1497,946,551,1,0,1
4254,4253,2019-09-24 09:51:33,2019-09-24 09:51:33,0,0,25,7,1,1,2,1,1,0,2,NULL,NULL,385,173,212,1078,713,365,0,0,1
4253,4252,2019-09-24 09:51:33,2019-09-24 09:51:33,0,0,25,6,1,1,2,1,2,0,2,NULL,NULL,380,174,206,1113,745,368,0,0,1
4252,4251,2019-09-24 09:51:33,2019-09-24 09:51:33,0,0,23,6,0,0,2,0,4,0,2,NULL,NULL,388,167,221,1109,732,377,0,0,1
4251,4250,2019-09-24 09:51:33,2019-09-24 09:51:33,0,0,16,5,0,0,2,0,3,0,2,NULL,NULL,399,178,221,1130,738,392,0,0,1
4250,4249,2019-09-24 09:51:33,2019-09-24 09:51:33,0,0,18,6,1,1,2,1,2,0,2,NULL,NULL,420,182,238,1172,749,423,0,0,1
4249,4248,2019-09-24 09:51:33,2019-09-24 09:51:33,0,0,18,7,4,4,2,4,0,0,2,NULL,NULL,428,177,251,1257,749,508,0,0,1
4248,4247,2019-09-24 09:51:33,2019-09-24 09:51:33,0,0,17,4,1,1,2,1,0,0,2,NULL,NULL,407,180,227,1258,761,497,0,0,1
4247,4246,2019-09-24 09:51:33,2019-09-24 09:51:33,0,0,35,8,3,4,2,3,2,0,2,NULL,NULL,426,196,230,1340,844,496,1,0,1
4246,4245,2019-09-24 09:51:33,2019-09-24 09:51:33,0,0,23,16,5,5,3,5,0,0,3,NULL,NULL,495,193,302,1485,822,663,0,12,1
4245,4244,2019-09-24 09:51:33,2019-09-24 09:51:33,0,0,10,6,3,3,2,3,0,0,2,NULL,NULL,416,185,231,1157,743,414,0,0,1
4244,4243,2019-09-24 09:51:33,2019-09-24 09:51:33,0,0,13,5,2,2,2,2,0,0,2,NULL,NULL,396,212,184,1155,771,384,0,0,1
4243,4242,2019-09-24 09:51:33,2019-09-24 09:51:33,0,0,27,9,1,1,2,1,4,0,2,NULL,NULL,402,211,191,1214,817,397,0,0,1
4242,4241,2019-09-24 09:51:33,2019-09-24 09:51:33,0,0,20,6,1,1,2,1,2,0,2,NULL,NULL,429,211,218,1234,808,426,0,0,1
4241,4240,2019-09-24 09:51:33,2019-09-24 09:51:33,0,0,18,8,1,1,3,1,5,0,3,NULL,NULL,442,211,231,1359,809,550,0,0,1
4240,4239,2019-09-24 09:51:33,2019-09-24 09:51:33,0,0,37,5,1,1,2,1,1,0,2,NULL,NULL,438,218,220,1296,849,447,0,0,1
4239,4238,2019-09-24 09:51:32,2019-09-24 09:51:32,0,0,33,5,1,1,2,1,1,0,2,NULL,NULL,449,223,226,1300,849,451,0,0,1
4238,4237,2019-09-24 09:51:32,2019-09-24 09:51:32,0,0,31,16,10,11,2,11,0,0,2,NULL,NULL,532,233,299,1452,868,584,0,4,1
4237,4236,2019-09-24 09:51:32,2019-09-24 09:51:32,0,0,12,6,2,2,2,2,2,0,2,NULL,NULL,446,218,228,1278,807,471,0,0,1
4236,4235,2019-09-24 09:51:32,2019-09-24 09:51:32,0,0,14,11,4,3,2,3,4,0,2,NULL,NULL,432,214,218,1279,803,476,0,0,1
4235,4234,2019-09-24 09:51:32,2019-09-24 09:51:32,0,0,26,4,2,2,2,2,2,0,2,NULL,NULL,459,231,228,1294,833,461,0,0,1
4234,4233,2019-09-24 09:51:32,2019-09-24 09:51:32,0,0,28,14,7,7,3,7,0,0,3,NULL,NULL,537,240,297,1450,841,609,0,6,1
4233,4232,2019-09-24 09:51:32,2019-09-24 09:51:32,1,0,19,14,3,3,3,2,7,0,3,NULL,NULL,428,218,210,1217,744,473,0,0,1
4232,4231,2019-09-24 09:51:32,2019-09-24 09:51:32,0,0,13,9,4,4,2,3,4,0,2,NULL,NULL,474,253,221,1230,812,418,1,0,1
4231,4230,2019-09-24 09:51:32,2019-09-24 09:51:32,0,0,17,9,1,1,2,1,2,0,2,NULL,NULL,459,231,228,1170,747,423,0,0,1
4230,4229,2019-09-24 09:51:32,2019-09-24 09:51:32,0,0,40,10,3,4,2,3,2,0,2,NULL,NULL,434,224,210,1232,802,430,1,0,1
4229,4228,2019-09-24 09:51:32,2019-09-24 09:51:32,0,0,37,9,2,3,3,2,5,0,3,NULL,NULL,434,222,212,1192,776,416,1,0,1
4228,4227,2019-09-24 09:51:32,2019-09-24 09:51:32,0,0,31,5,2,2,3,2,0,0,3,NULL,NULL,466,233,233,1236,787,449,0,4,1
4227,4226,2019-09-24 09:51:32,2019-09-24 09:51:32,0,0,26,12,1,1,2,1,9,0,2,NULL,NULL,407,190,217,1145,696,449,0,0,1
4226,4225,2019-09-24 09:51:32,2019-09-24 09:51:32,0,0,27,4,2,2,2,2,0,0,2,NULL,NULL,431,193,238,1193,694,499,0,0,2
4225,4224,2019-09-24 09:51:32,2019-09-24 09:51:32,0,0,28,6,2,2,4,2,1,0,4,NULL,NULL,454,199,255,1266,721,545,0,0,1
4224,4223,2019-09-24 09:51:32,2019-09-24 09:51:32,0,0,32,16,2,2,4,2,9,0,4,NULL,NULL,438,188,250,1221,716,505,0,0,2
4223,4222,2019-09-24 09:51:32,2019-09-24 09:51:32,0,0,34,7,3,4,3,3,2,0,3,NULL,NULL,451,210,241,1295,793,502,1,0,1
4222,4221,2019-09-24 09:51:32,2019-09-24 09:51:32,0,0,33,8,1,1,3,1,4,0,3,NULL,NULL,486,199,287,1270,751,519,0,0,1
4221,4220,2019-09-24 09:51:32,2019-09-24 09:51:32,0,0,53,27,6,6,3,6,0,0,3,NULL,NULL,540,215,325,1493,776,717,0,10,3
4220,4219,2019-09-24 09:51:32,2019-09-24 09:51:32,0,0,16,7,2,2,2,2,3,0,2,NULL,NULL,448,200,248,1233,717,516,0,0,1
4219,4218,2019-09-24 09:51:32,2019-09-24 09:51:32,0,0,17,9,2,2,2,2,4,0,2,NULL,NULL,440,205,235,1244,721,523,0,0,1
4218,4217,2019-09-24 09:51:32,2019-09-24 09:51:32,0,0,16,7,1,1,3,1,3,0,3,NULL,NULL,446,214,232,1223,761,462,0,0,1
4217,4216,2019-09-24 09:51:32,2019-09-24 09:51:32,0,0,30,8,3,3,2,3,2,0,2,NULL,NULL,438,220,218,1295,798,497,0,0,1
4216,4215,2019-09-24 09:51:32,2019-09-24 09:51:32,0,0,28,6,2,2,2,2,1,0,2,NULL,NULL,473,227,246,1370,821,549,0,0,1
4215,4214,2019-09-24 09:51:31,2019-09-24 09:51:31,0,0,31,8,2,2,3,2,2,0,3,NULL,NULL,507,226,281,1428,840,588,0,0,1
4214,4213,2019-09-24 09:51:31,2019-09-24 09:51:31,0,0,26,9,4,4,2,3,2,0,2,NULL,NULL,513,233,280,1404,841,563,1,0,1
4213,4212,2019-09-24 09:51:31,2019-09-24 09:51:31,0,0,25,17,2,2,3,2,10,0,3,NULL,NULL,429,209,220,1220,771,449,0,0,1
4212,4211,2019-09-24 09:51:31,2019-09-24 09:51:31,0,0,23,9,2,2,3,2,4,0,3,NULL,NULL,445,213,232,1230,755,475,0,0,1
4211,4210,2019-09-24 09:51:31,2019-09-24 09:51:31,0,0,19,8,2,2,2,2,2,0,2,NULL,NULL,442,202,240,1265,754,511,0,0,1
4210,4209,2019-09-24 09:51:31,2019-09-24 09:51:31,1,0,27,11,3,3,2,2,3,0,2,NULL,NULL,507,231,276,1339,808,531,0,0,1
4209,4208,2019-09-24 09:51:31,2019-09-24 09:51:31,0,0,17,5,2,2,4,2,1,0,4,NULL,NULL,449,231,218,1310,807,503,0,0,1
4208,4207,2019-09-24 09:51:31,2019-09-24 09:51:31,1,0,25,15,6,7,2,6,1,0,2,NULL,NULL,589,251,338,1546,905,641,0,0,1
4207,4206,2019-09-24 09:51:31,2019-09-24 09:51:31,0,0,20,8,1,1,3,1,2,0,3,NULL,NULL,489,211,278,1316,801,515,0,0,1
4206,4205,2019-09-24 09:51:31,2019-09-24 09:51:31,0,0,29,8,2,2,2,2,2,0,2,NULL,NULL,505,220,285,1363,822,541,0,0,1
4205,4204,2019-09-24 09:51:31,2019-09-24 09:51:31,0,0,14,9,1,1,3,1,3,0,3,NULL,NULL,440,205,235,1224,762,462,0,0,1
4204,4203,2019-09-24 09:51:31,2019-09-24 09:51:31,0,0,23,15,1,1,3,1,6,0,3,NULL,NULL,443,211,232,1231,779,452,0,0,1
4203,4202,2019-09-24 09:51:31,2019-09-24 09:51:31,0,0,8,4,2,2,3,2,0,0,3,NULL,NULL,503,237,266,1357,797,560,0,0,1
4202,4201,2019-09-24 09:51:31,2019-09-24 09:51:31,0,0,59,8,1,1,3,1,4,0,3,NULL,NULL,494,247,247,1360,853,507,0,0,1
4201,4200,2019-09-24 09:51:31,2019-09-24 09:51:31,0,0,60,9,1,1,2,1,2,0,2,NULL,NULL,465,242,223,1333,868,465,0,0,1
4200,4199,2019-09-24 09:51:31,2019-09-24 09:51:31,0,0,58,6,1,1,3,1,0,0,3,NULL,NULL,503,260,243,1451,919,532,0,0,1
4199,4198,2019-09-24 09:51:31,2019-09-24 09:51:31,0,0,54,18,4,4,3,4,11,0,3,NULL,NULL,575,278,297,1579,949,630,0,0,1
4198,4197,2019-09-24 09:51:31,2019-09-24 09:51:31,0,0,30,7,3,3,2,3,0,0,2,NULL,NULL,512,272,240,1297,857,440,0,0,1
4197,4196,2019-09-24 09:51:31,2019-09-24 09:51:31,0,0,32,10,2,2,2,2,4,0,2,NULL,NULL,552,266,286,1432,891,541,0,0,1
4196,4195,2019-09-24 09:51:31,2019-09-24 09:51:31,0,0,28,10,4,4,2,4,4,0,2,NULL,NULL,549,286,263,1410,926,484,0,0,1
4195,4194,2019-09-24 09:51:31,2019-09-24 09:51:31,0,0,31,9,1,1,2,1,4,0,2,NULL,NULL,542,276,266,1429,917,512,0,0,1
4194,4193,2019-09-24 09:51:31,2019-09-24 09:51:31,0,0,29,9,2,2,2,2,4,0,2,NULL,NULL,578,315,263,1476,992,484,0,0,1
4193,4192,2019-09-24 09:51:31,2019-09-24 09:51:31,0,0,33,16,2,2,4,2,9,0,4,NULL,NULL,614,328,286,1556,1027,529,0,0,1
4192,4191,2019-09-24 09:51:31,2019-09-24 09:51:31,0,0,33,11,1,1,3,1,3,0,3,NULL,NULL,605,324,281,1541,1030,511,0,0,1
4191,4190,2019-09-24 09:51:31,2019-09-24 09:51:31,0,0,45,20,6,6,2,6,0,0,2,NULL,NULL,725,327,398,1775,1053,722,0,10,1
4190,4189,2019-09-24 09:51:30,2019-09-24 09:51:30,0,0,34,21,1,1,2,1,8,0,2,NULL,NULL,594,326,268,1488,973,515,0,0,1
4189,4188,2019-09-24 09:51:30,2019-09-24 09:51:30,0,0,21,14,3,3,2,3,4,0,2,NULL,NULL,616,318,298,1541,988,553,0,0,1
4188,4187,2019-09-24 09:51:30,2019-09-24 09:51:30,1,0,33,25,6,6,2,5,10,0,2,NULL,NULL,707,358,349,1725,1021,704,0,0,1
4187,4186,2019-09-24 09:51:30,2019-09-24 09:51:30,0,0,21,8,1,1,3,1,2,0,3,NULL,NULL,580,291,289,1429,917,512,0,0,1
4186,4185,2019-09-24 09:51:30,2019-09-24 09:51:30,0,0,23,15,4,4,2,4,4,0,2,NULL,NULL,580,290,290,1481,924,557,0,0,1
4185,4184,2019-09-24 09:51:30,2019-09-24 09:51:30,1,0,23,24,9,9,2,8,0,0,2,NULL,NULL,709,314,395,1716,925,791,0,9,1
4184,4183,2019-09-24 09:51:30,2019-09-24 09:51:30,0,0,13,11,0,0,3,0,4,0,3,NULL,NULL,535,270,265,1363,862,501,0,0,1
4183,4182,2019-09-24 09:51:30,2019-09-24 09:51:30,0,0,81,9,0,0,2,0,2,0,2,NULL,NULL,505,263,242,1362,927,435,0,0,1
4182,4181,2019-09-24 09:51:30,2019-09-24 09:51:30,0,0,85,9,1,1,2,1,3,0,2,NULL,NULL,525,278,247,1442,980,462,0,0,3
4181,4180,2019-09-24 09:51:30,2019-09-24 09:51:30,0,0,90,17,1,1,2,1,5,0,2,NULL,NULL,549,293,256,1468,996,472,0,0,1
4180,4179,2019-09-24 09:51:30,2019-09-24 09:51:30,0,0,76,13,3,3,2,2,6,0,2,NULL,NULL,653,351,302,1719,1128,591,1,0,3
4179,4178,2019-09-24 09:51:30,2019-09-24 09:51:30,0,0,83,5,0,0,4,0,1,0,4,NULL,NULL,576,296,280,1553,1032,521,0,0,1
4178,4177,2019-09-24 09:51:30,2019-09-24 09:51:30,0,0,81,13,4,4,3,4,0,0,3,NULL,NULL,649,303,346,1638,1050,588,0,6,1
4177,4176,2019-09-24 09:51:30,2019-09-24 09:51:30,1,0,69,10,1,1,2,0,3,0,2,NULL,NULL,549,268,281,1522,997,525,0,0,1
4176,4175,2019-09-24 09:51:30,2019-09-24 09:51:30,0,0,63,8,3,3,3,3,2,0,3,NULL,NULL,589,277,312,1624,1024,600,0,0,1
4175,4174,2019-09-24 09:51:30,2019-09-24 09:51:30,0,0,61,6,1,1,4,1,3,0,4,NULL,NULL,566,285,281,1526,1022,504,0,0,1
4174,4173,2019-09-24 09:51:30,2019-09-24 09:51:30,0,0,90,7,0,0,3,0,2,0,3,NULL,NULL,542,277,265,1545,1067,478,0,0,1
4173,4172,2019-09-24 09:51:30,2019-09-24 09:51:30,1,0,92,8,1,1,3,0,1,0,3,NULL,NULL,614,304,310,1669,1093,576,0,0,1
4172,4171,2019-09-24 09:51:30,2019-09-24 09:51:30,0,0,87,6,0,0,3,0,2,0,3,NULL,NULL,590,308,282,1648,1129,519,0,0,1
4171,4170,2019-09-24 09:51:30,2019-09-24 09:51:30,0,0,88,10,0,0,3,0,5,0,3,NULL,NULL,640,318,322,1780,1175,605,0,0,1
